code,date,close,amount,ma_amount,ratio,market_cap,last_price
605169.SH,20260304,14.65,328797200.0,58682328.15,5.603001966103828,38.499968,13.61
603006.SH,20260116,14.08,220741925.99999997,41435083.6,5.327415967853868,31.8326321,12.52
603787.SH,20260323,14.82,357718907.0,58279632.05,6.137974699172797,34.498554121,14.99
600668.SH,20260210,11.719999999999999,417895842.0,91333333.5,4.5755019113585735,42.0745705286,10.19
600433.SH,20260116,3.4400000000000004,485338150.0,93114879.85,5.212251261901833,64.4102757744,3.68
600643.SH,20260317,5.119999999999999,460820912.00000006,83597140.75,5.5124003986942585,81.4260078592,5.12
603018.SH,20260127,8.2,705017170.9999999,100678245.35,7.002676383056372,49.5752392175,7.25
605162.SH,20260318,10.23,346754195.0,85790534.6,4.041870080618428,44.865296224,11.2
600158.SH,20260121,9.709999999999999,987938086.0,240163860.85,4.113600116618046,103.7233625427,10.81
600328.SH,20260312,10.41,1723053850.9999998,416872678.4,4.133285629591406,141.9387627944,9.68
600604.SH,20260320,5.7,425130112.0,69146200.15,6.148278735169224,77.41001422,5.5
603209.SH,20260303,17.45,582250795.0,136617124.5,4.26191663110286,47.548607196300004,14.79
601999.SH,20260318,7.79,332395521.00000006,77191155.75,4.306134786691545,43.74262718,7.94
600817.SH,20260129,12.629999999999999,217751746.0,47898727.25,4.546086263701297,57.740558148599995,10.91
601163.SH,20260116,15.53,469249199.0,82023179.75,5.720934014387561,111.2,13.9
600478.SH,20260227,8.36,1989025281.0,396607576.45,5.015096531447011,125.58178506639999,7.54
600189.SH,20260120,8.13,671003187.0,135456624.9,4.953638757021769,54.35503371200001,7.600000000000001
603223.SH,20260303,10.709999999999999,509445060.99999994,108574959.05,4.692104564970591,59.994886405,8.5
605018.SH,20260212,12.58,264455884.00000003,50046361.300000004,5.284218015666206,49.54493458219999,10.54
603053.SH,20260303,11.33,445800741.00000006,56108761.0,7.945296475179697,91.733448,10.32
600649.SH,20260121,5.45,1611868488.0,243722060.7,6.613551860551785,113.954784944,4.55
600616.SH,20260129,5.95,301473855.0,74228923.1,4.061406826471931,33.517147995,5.01
600197.SH,20260129,14.77,493911567.0,81719731.85,6.043969501840699,56.5443786815,11.95
603128.SH,20260303,6.15,351332298.0,86066816.35,4.082087765059989,73.96112691100001,5.65
603520.SH,20260324,9.600000000000001,328823456.99999994,77657001.15,4.234305370160433,47.786677029,10.9
600644.SH,20260227,12.950000000000001,1464410484.0,342586154.5,4.274575795794457,76.1648517306,13.17
603689.SH,20260303,9.56,513701145.0,69554621.45,7.385578906058441,44.23006264299999,8.45
600603.SH,20260309,7.63,529029115.99999994,126166323.15,4.193108769374484,87.47102676829999,7.33
601515.SH,20260209,4.57,499649925.00000006,124552252.95,4.011568744570027,82.1748976517,4.27
600664.SH,20260309,3.63,437936444.00000006,95140733.35000001,4.60303834729691,85.88118677160001,3.41
601968.SH,20260120,6.32,607695463.0,132965284.5,4.5703317620472586,66.723265758,5.23
600851.SH,20260122,8.0,427290155.00000006,90327938.15,4.730431843694198,59.0564888,8.0
600261.SH,20260119,3.7,213254889.0,47577694.5,4.482245120137127,49.5304650386,3.71
600681.SH,20260304,4.680000000000001,808999052.0,197663603.0,4.092807374355106,65.1147063192,4.86
603366.SH,20260313,10.32,837970442.0000001,179848000.9,4.6593258629876715,81.7926389606,10.06
603055.SH,20260225,9.88,284289760.99999994,64382559.05,4.415633134110409,84.8020170928,9.56
600769.SH,20260311,15.02,590664846.0,138845727.95,4.2541088928044335,50.9968992,13.6
600903.SH,20260303,7.7,916404478.0,131111355.6,6.9895126459969275,74.9806134016,6.52
600333.SH,20260303,6.51,650791908.0,115269116.5,5.645847975246691,35.689198082400004,5.86
600354.SH,20260130,7.92,1184421063.0,286227205.3,4.138045025309828,35.943321647999994,6.81
600812.SH,20260309,6.010000000000001,968334735.0,120866668.15,8.011594510061787,91.448428721,5.33
603959.SH,20260209,6.93,665781247.0000001,116924176.7,5.694128158868619,30.251447806399998,6.17
605050.SH,20260320,14.43,752263136.0,108447177.65,6.936677858301091,72.2487579346,14.66
600405.SH,20260306,5.69,328624313.0,67991338.15,4.8333261550905355,35.936032483299996,5.89
600716.SH,20260224,4.78,256896634.0,60606739.65,4.2387469691252395,43.05878714000001,4.600000000000001
600293.SH,20260126,3.64,1001006804.0000001,181002646.95,5.530343455565693,38.284786518,3.3
603387.SH,20260317,9.440000000000001,357409117.0,69804032.55,5.120178647902485,50.208198183,9.9
600059.SH,20260126,9.719999999999999,466621721.00000006,108643219.35,4.294991659780929,80.67150355049999,8.85
600987.SH,20260129,7.83,468467384.00000006,101557497.3,4.612829150526931,74.8260233909,7.33
600794.SH,20260226,4.13,599851561.0000001,83768751.45,7.16080340958693,45.0057058875,3.75
600072.SH,20260204,13.33,1443572185.0,360888412.1,4.000051363799386,138.88384391120002,12.82
600250.SH,20260326,12.47,646793347.9999999,160167663.1,4.038226789861929,40.3813702564,12.91
600539.SH,20260121,11.200000000000001,239888650.0,58584321.35,4.094758537302745,32.683,14.21
600888.SH,20260312,10.01,2139276132.0,497982354.7,4.295887418116986,127.6636650078,8.22
603357.SH,20260317,8.72,209012651.0,49702332.95,4.205288536662141,44.28155583229999,7.97
605368.SH,20260303,9.41,559435767.0,76036781.8,7.357436148093265,59.5291717195,8.33
600917.SH,20260303,6.42,744196002.0,86965953.3,8.557325870192008,87.106018608,5.58
605158.SH,20260205,8.81,173848840.0,42270914.60000001,4.11272955991352,38.049648,7.44
600073.SH,20260120,6.96,409630078.0,85578895.3,4.786578239459934,55.7011306368,5.94
603317.SH,20260205,14.510000000000002,606517773.0,130296618.45,4.654900335980285,131.5987485384,12.36
600684.SH,20260130,4.86,688431994.0000001,152340354.9,4.519038927353845,41.9049214993,4.91
603065.SH,20260225,9.65,357962064.0,72770897.85,4.919027723663025,34.6486182044,8.27
600731.SH,20260121,7.590000000000001,273160922.0,57723009.15,4.732270995958637,39.3803297455,7.27
600292.SH,20260212,15.680000000000001,1281124785.0,302491806.95,4.235237965343511,108.29930264299999,13.87
605166.SH,20260226,11.75,360707601.0,77648029.2,4.645418624481972,32.0712566274,10.19
600635.SH,20260303,6.91,1976911153.9999998,385491098.95,5.1282926100880335,141.741192155,5.86
603808.SH,20260326,10.8,329537951.0,75704184.65,4.352968762870098,38.644024326600004,10.47
603086.SH,20260312,8.87,564536305.0,118912282.3,4.74750205849846,32.3935791535,7.45
600929.SH,20260122,6.04,477255322.0,87651302.0,5.444931348538325,97.0947047552,5.92
600559.SH,20260129,17.16,1440513073.0,241487433.75,5.965167837641158,122.78377494,13.5
000779.SZ,20260211,9.5,343585043.0,74831366.55,4.5914575510314535,42.2015465736,9.08
002479.SZ,20260326,5.99,790798528.0,148223763.8,5.335166964637555,50.576068658400004,5.86
000570.SZ,20260306,6.32,510174316.99999994,95759262.75,5.327675906736238,31.11878039200001,5.600000000000001
000504.SZ,20260123,8.85,134705095.0,31883623.75,4.224899153754441,33.1426254786,10.07
000713.SZ,20260130,7.38,621822287.0,110006416.8,5.652600139958381,40.21798119,6.55
002239.SZ,20260121,3.31,1627694841.0,303962994.5,5.354911191335826,99.2910237184,3.04
002543.SZ,20260313,9.79,219971017.0,54000964.15,4.073464621649723,60.7358900754,9.18
000420.SZ,20260313,4.82,2849458945.0,499827060.65,5.700889706320466,118.72290420690001,4.83
002328.SZ,20260320,6.91,660056616.0,161904224.7,4.076833802348581,40.811620564,7.15
002183.SZ,20260123,5.72,2408303627.0000005,505878948.8,4.7606322277548,145.43166909600004,5.600000000000001
000565.SZ,20260126,8.67,743793028.0,156283326.05,4.7592602921826535,32.30262039,7.45
002178.SZ,20260305,6.8,887872257.9999999,150969125.9,5.881151213580683,43.418772638000014,6.100000000000001
001338.SZ,20260313,13.76,445385608.99999994,110740891.35,4.021871266977119,66.1281239212,13.18
000809.SZ,20260309,3.6900000000000004,277030519.0,62421174.35,4.4380856637952695,34.228838659500006,4.15
000631.SZ,20260123,3.9,270525715.0,66666654.8,4.057886447303788,90.39000334050002,3.93
002693.SZ,20260316,8.049999999999999,197290606.99999997,43500293.95,4.535385605135663,34.6046503832,8.42
000920.SZ,20260309,14.39,549917352.0,113647542.2,4.838796698587997,54.112541760999996,11.45
002221.SZ,20260303,10.010000000000002,1387692999.0,252064602.55,5.50530691323362,129.8717974568,8.89
000045.SZ,20260122,13.28,548044370.0,130208252.45,4.208983376153129,65.8568484409,14.41
002141.SZ,20260123,4.1899999999999995,669913089.9999999,116642226.05,5.7433153728807795,38.517099075,3.78
000719.SZ,20260204,13.44,626434053.0,146788456.85,4.2675975103419725,86.9293248529,13.03
002692.SZ,20260313,6.23,753144768.0000001,137926948.5,5.4604613252935135,42.4166004225,5.91
002783.SZ,20260123,11.04,812612383.0,186968411.85,4.346254936646401,42.9827552452,9.32
000525.SZ,20260120,6.19,613672784.0,129884420.4,4.724760537946705,67.150304302,6.04
000401.SZ,20260115,4.79,246605005.0,57308814.95,4.303090287509077,128.14694846860002,4.87
002427.SZ,20260115,7.680000000000001,882108194.0000001,217411871.35,4.0573138372004545,62.1349161666,6.31
000544.SZ,20260302,9.21,243142389.0,58515026.15,4.155212857236329,84.310208212,8.65
002644.SZ,20260206,9.63,723138231.6,164224775.44450003,4.403344316609436,43.7633049,8.57
000421.SZ,20260303,7.73,462525798.0,97673903.15,4.73540816004546,39.626444493,6.9
000978.SZ,20260326,7.49,462367035.00000006,107768462.25,4.290374246293006,35.249341875,7.53
002662.SZ,20260121,4.53,649439625.0,158204266.75,4.105070225610714,56.9992818,3.8
000516.SZ,20260309,5.1499999999999995,813861413.0,186093563.05,4.373399056158273,113.99106910729999,5.17
002960.SZ,20260316,11.5,534590133.0,132733820.5,4.027535190249421,96.0554377728,11.88
002274.SZ,20260126,6.52,393850130.0,91354543.65,4.311226505699916,61.616687841,6.57
002004.SZ,20260115,5.37,782225879.0,185752903.05,4.211109846231822,98.22053419379999,5.22
002063.SZ,20260309,7.42,2209772341.0,442811658.55,4.990321050344441,119.0512879875,6.75
002267.SZ,20260303,9.04,832882136.0,134881616.75,6.174912164225671,89.7444884115,8.07
002224.SZ,20260318,4.970000000000001,547531885.0,120976813.85,4.5259241632771765,38.5449816382,4.78
002860.SZ,20260126,14.940000000000001,1100911286.0,252551270.55,4.35915956234337,44.964039260199996,12.86
000639.SZ,20260317,3.14,617903034.9999999,135320210.45,4.566228746949158,34.541656704,3.2
002646.SZ,20260129,9.809999999999999,471810549.0,77478931.25,6.089533520766008,38.5027065816,8.09
000514.SZ,20260120,5.359999999999999,401611346.73,94359115.246,4.256200852275634,40.585383416499994,4.81
002705.SZ,20260326,14.770000000000001,743152835.0,122145537.65,6.084158695420012,120.24578592,14.88
002688.SZ,20260312,6.500000000000001,466085146.0,90298230.2,5.161619945016375,44.100353403,5.9
000507.SZ,20260303,5.859999999999999,471880572.0,108152985.8,4.363084093421302,52.2463229445,5.79
002521.SZ,20260319,8.540000000000001,217816055.00000003,43983989.5,4.952166856078392,33.2634228825,7.95
000059.SZ,20260123,6.08,706246205.0,174755242.2,4.041344889624146,88.2892280424,5.52
000819.SZ,20260303,18.12,801311210.0,189381731.7,4.231195917404318,53.5870360596,14.66
000860.SZ,20260129,15.9,878427882.0000001,157223211.25,5.587138661118017,95.61376488210001,12.89
002041.SZ,20260130,11.290000000000001,983479939.9999999,198062498.65,4.965503044258398,94.248,10.71
002137.SZ,20260202,9.72,989997390.0000001,223723571.65,4.425092012873736,32.2717407034,8.14
002449.SZ,20260306,8.82,801100398.0,125083652.05,6.404517176071692,48.797848634100006,7.890000000000001
002102.SZ,20260312,3.79,986285085.9999999,192590167.85,5.121160114301234,71.9224598704,3.31
000697.SZ,20260303,9.74,417700404.00000006,91273132.65,4.5763785231491125,63.1554805516,9.67
002950.SZ,20260316,11.36,402112747.0,81294215.9,4.946388159947797,52.8382399321,11.69
002053.SZ,20260309,13.01,552924822.0,120425365.6,4.591431541396126,125.86282576129999,13.67
000998.SZ,20260130,10.51,1599844386.0000002,282081735.25,5.671563189237011,130.5845192178,9.93
002867.SZ,20260128,14.040000000000001,1017400211.0,169839915.05,5.9903480916160525,127.76506159360001,11.84
002385.SZ,20260130,4.59,2383996615.0,582353995.5,4.093724149609616,139.5534843252,3.96
000731.SZ,20260227,7.890000000000001,477176424.00000006,93590375.4,5.098562987492836,42.64377243,7.77
002724.SZ,20260128,7.67,286232978.0,61258937.35,4.672509684009397,39.9722445056,7.04
002520.SZ,20260212,6.71,793704622.0,167018277.25,4.752202184506726,40.248393593100005,5.61
002019.SZ,20260226,13.1,1118479138.0,176008600.5,6.354684571223552,110.23310448,13.1
002437.SZ,20260121,3.5100000000000002,692884691.0,173167283.8,4.001244783629273,70.2998732387,3.37
000520.SZ,20260303,5.12,771312506.0,127620496.5,6.043798035216075,42.6087134555,4.21
002818.SZ,20260123,12.040000000000001,196022893.0,42469226.1,4.615645515612539,33.5055125493,11.23
000626.SZ,20260311,8.42,357816431.0,84379294.75,4.240571482140766,42.0603295035,8.35
000652.SZ,20260127,4.74,729797307.0,126361325.25,5.775480001939913,57.9463707087,3.93
002480.SZ,20260310,6.94,439930541.00000006,102292851.25,4.300696828997618,47.8288280358,6.23
000409.SZ,20260115,12.610000000000001,1754661445.0,231087960.7,7.593045694309942,60.229381667999995,10.2
