stock_code,title,author,post_time,read_count,comment_count,post_link,page,crawl_time
601669,每经品牌100指数周涨1.6%，成分股中国电建单周涨幅超20%,66918C3I3149952,03-15 09:41,551182,0412205,"https://guba.eastmoney.com/news,601669,1679301429.html",1,2026-03-15 20:59:57
601669,卖能建，买电建,66918C3I3149952,03-15 09:41,551182,0412205,"https://guba.eastmoney.com/news,601669,1679345687.html",1,2026-03-15 20:59:57
601669,别的不说，涨到市盈率向能建看齐就行了,,03-12 07:04,578366,0412205,"https://guba.eastmoney.com/news,601669,1679347102.html",1,2026-03-15 20:59:57
601669,明天涨停板价格是7.94元，估计明天一字涨停，十元以下估计买不到了,,03-14 07:41,586828,578366,"https://guba.eastmoney.com/news,601669,1679345711.html",1,2026-03-15 20:59:57
601669,、、明天见证：业绩预增+低估值的魅力，基本面+题材+情绪+资金面共振,二十载沉浮,12-23 03:04,586828,0217538,"https://guba.eastmoney.com/news,601669,1679346839.html",1,2026-03-15 20:59:57
601669,周一一字板涨停，周二如果不是一字板涨停可以出来，如果继续涨停可以拿，周二极有可能,,03-15 10:34,586828,0217538,"https://guba.eastmoney.com/news,601669,1679346116.html",1,2026-03-15 20:59:57
601669,最新隔夜80万亿,吃了狗运了么亮亮6220,03-15 08:43,586828,0217538,"https://guba.eastmoney.com/news,601669,1679341991.html",1,2026-03-15 20:59:57
601669,开始涨停没有卖，后来炸板了又涨停了，我就卖掉，想等他炸板了再买进去，结果直接封死,大家注意保暖短线手金阳,03-15 08:47,0217538,49900,"https://guba.eastmoney.com/news,601669,1679272330.html",1,2026-03-15 20:59:57
601669,明天不是大单一字就是不及预期。,企业利润悠着点买900A股市场上未来,03-14 09:48,586828,49900,"https://guba.eastmoney.com/news,601669,1679346677.html",1,2026-03-15 20:59:57
601669,周五把电建清仓全部买入了中油资本，吃了狗运了么,397862Et9003,03-14 07:18,601868,49900,"https://guba.eastmoney.com/news,601669,1679286765.html",1,2026-03-15 20:59:57
601669,派诺科技算电协同$中国电建(SH601669)$$中国能建(SH601868)$,397862Et90460,03-15 07:49,51190,50631,"https://guba.eastmoney.com/news,601669,1679345648.html",1,2026-03-15 20:59:57
601669,明天高开7.54元,397862Et90460,03-15 08:42,601868,50631,"https://guba.eastmoney.com/news,601669,1679346415.html",1,2026-03-15 20:59:57
601669,中国电建这点订单走一板已经很勉强了，和中国能建订单比就牛一毛，不值一提。看好能建,i60017963M631法尔,03-15 08:51,406083,51190,"https://guba.eastmoney.com/news,601669,1679345551.html",1,2026-03-15 20:59:57
601669,电力三建客下周带领绿电板块复刻12月商业航天高光？对应：航天电子、中国卫星、中国,MVva5m6083目标价格,03-15 08:41,531934,473142,"https://guba.eastmoney.com/news,601669,1679346114.html",1,2026-03-15 20:59:57
601669,我上周清仓了节能风电，追了中国电建，明天，希望电建涨，风电跌，千万别反着来呀。,MVva5m6083目标价格,03-15 08:48,531934,473142,"https://guba.eastmoney.com/news,601669,1679345431.html",1,2026-03-15 20:59:57
601669,下周看中科海讯！,MVva5m6083目标价格,03-15 08:47,531934,473142,"https://guba.eastmoney.com/news,601669,1679346098.html",1,2026-03-15 20:59:57
601669,315鸡爪股跌停利好中国电建不加双氧水的好企业,MVva5m6083目标价格,03-15 08:47,531934,473142,"https://guba.eastmoney.com/news,601669,1679346097.html",1,2026-03-15 20:59:57
601669,虽然我有电建股票，但是不敢相信会再有一个板,O58395L3573142十,03-15 08:47,473142,454955,"https://guba.eastmoney.com/news,601669,1679339390.html",1,2026-03-15 20:59:57
601669,3.15周日本周有色金属/矿业十大新闻！1.有色金属行业，资金流出居首2.稀土产,hLSrEK33130121韩,03-15 03:20,531934,454955,"https://guba.eastmoney.com/news,601669,1679345889.html",1,2026-03-15 20:59:57
601669,预测电建公司下周还有利好大单子签订，利好不断，涨停不止！,预计还有,03-15 08:45,454955,431441,"https://guba.eastmoney.com/news,601669,1679345791.html",1,2026-03-15 20:59:57
601669,@妙想隔夜单详情,555vf1076122672,03-13 01:20,405064,202300,"https://guba.eastmoney.com/news,601669,1679344602.html",1,2026-03-15 20:59:57
601669,，进入股市三年，目前还亏8w，能不能回本就看这一波行情了，预计还有3-5个板，隔,555vf1076122672,03-15 08:43,431441,405064,"https://guba.eastmoney.com/news,601669,1679345547.html",1,2026-03-15 20:59:57
601669,$中国电建(SH601669)$,397862Et90460,03-15 07:49,601868,51190,"https://guba.eastmoney.com/news,601669,1679345519.html",1,2026-03-15 20:59:57
601669,怎么都在说海洋经济有什么消息吗,555vf1076122672,03-15 09:46,405064,46990,"https://guba.eastmoney.com/news,601669,1679345487.html",1,2026-03-15 20:59:57
601669,我也是服了，周五清仓了，我以为它是二板高开，下午复盘才发现是一板，害我底仓都没留,555vf1076122672,03-15 09:46,46990,41260,"https://guba.eastmoney.com/news,601669,1679342448.html",1,2026-03-15 20:59:57
601669,$预判“撤退信号”。很多人赚了钱拿不住，是因为不知道哪里是顶。当股价撞击指标自动,555vf1076122672,03-15 08:41,405064,222823,"https://guba.eastmoney.com/news,601669,1679323670.html",1,2026-03-15 20:59:57
601669,海洋经济我踏马来了,555vf1076122672,03-15 08:08,572794,222823,"https://guba.eastmoney.com/news,601669,1679342823.html",1,2026-03-15 20:59:57
601669,全球都在放弃纸币，选一个优质养老股进去。,66918C3I3162204,03-15 08:05,572794,361260,"https://guba.eastmoney.com/news,601669,1679343723.html",1,2026-03-15 20:59:57
601669,明天10点前不封板，这些小作文就是诱多，人气都干第一来了,66918C3I3162204,03-15 08:37,572794,361260,"https://guba.eastmoney.com/news,601669,1679341585.html",1,2026-03-15 20:59:57
601669,劝各位挂隔夜单的谨慎再谨慎，切莫追高。,7656r78O102823明,03-14 11:16,361260,351691,"https://guba.eastmoney.com/news,601669,1679343044.html",1,2026-03-15 20:59:57
601669,能建火电是主业，虽然也在转型，但是化石能源基础庞大。电建水电是主业，清洁能源占比,7656r78O102823明,03-14 11:16,572794,361260,"https://guba.eastmoney.com/news,601669,1679345117.html",1,2026-03-15 20:59:57
601669,、、。三个方向：算电、维生素、固态电池,0125t3312y1420美,03-15 08:36,361260,332295,"https://guba.eastmoney.com/news,601669,1679335940.html",1,2026-03-15 20:59:57
601669,为什么人气这么高,0125t3312y1420美,03-15 06:00,361260,351691,"https://guba.eastmoney.com/news,601669,1679342436.html",1,2026-03-15 20:59:57
601669,600979广安爱众：区域能源龙头，业绩稳健，叠加绿色电力、算力基建利好，估值低,0125t3312y1420美,03-15 08:36,361260,351691,"https://guba.eastmoney.com/news,601669,1679343564.html",1,2026-03-15 20:59:57
601669,三建客明天一起涨停！支持的同志把赞点起来！,0125t3312y1420美,03-15 06:43,264118,45630,"https://guba.eastmoney.com/news,601669,1679331521.html",1,2026-03-15 20:59:57
601669,3.16周一财经热点信息汇总！1.海洋经济2.核电核能3.化肥涨价链4.煤炭棕榈,0125t3312y1420美,03-15 08:20,332295,264118,"https://guba.eastmoney.com/news,601669,1679344616.html",1,2026-03-15 20:59:57
601669,成交额太大，一日游,36227G706D14432,03-15 05:38,332295,264118,"https://guba.eastmoney.com/news,601669,1679344177.html",1,2026-03-15 20:59:57
601669,上周五，开板后，最后一笔，挂卖单是五亿元筹码，被主力几口吃了。主力商家“进货”，,36227G706D14432,03-15 05:38,071646,45630,"https://guba.eastmoney.com/news,601669,1679340585.html",1,2026-03-15 20:59:57
601669,根据网络信息显示，截至3月15日，中国电建针对3月16日的隔夜挂单量较大。有消息,36227G706D14432,03-15 08:31,264118,071646,"https://guba.eastmoney.com/news,601669,1679344515.html",1,2026-03-15 20:59:57
601669,明天，又是跌停了，和汉缆一样，今天涨停，这么大的盘子，明天，不用看了，,,03-14 05:33,33710,0017104,"https://guba.eastmoney.com/news,601669,1679341932.html",1,2026-03-15 20:59:57
601669,电建涨停后为什么没有出龙虎榜？,,03-15 08:30,071646,33710,"https://guba.eastmoney.com/news,601669,1679324557.html",1,2026-03-15 20:59:57
601669,热榜排第1：过海油轮用人民币结算,,03-15 08:30,071646,01721,"https://guba.eastmoney.com/news,601669,1679339414.html",1,2026-03-15 20:59:57
601669,能建新高了，电建走势也不错，主升浪形成中。,诚实的墩儿4995电力设备龙头太阳和大地,03-15 09:41,551394,498711,"https://guba.eastmoney.com/news,601669,1675256074.html",2,2026-03-15 20:59:59
601669,啦啦啦，周末快点过吧,,03-15 09:41,554412,551394,"https://guba.eastmoney.com/news,601669,1679183305.html",2,2026-03-15 20:59:59
601669,明天涨停价是7.91吗？,小猫复盘,03-15 09:41,554412,551394,"https://guba.eastmoney.com/news,601669,1679342678.html",2,2026-03-15 20:59:59
601669,倒在黎明前,,03-15 09:41,554412,551394,"https://guba.eastmoney.com/news,601669,1679342718.html",2,2026-03-15 20:59:59
601669,你们明天进不了的可以到能建来啊,5V90972T05954周三,03-15 08:10,554412,498711,"https://guba.eastmoney.com/news,601669,1679335956.html",2,2026-03-15 20:59:59
601669,不破上次4连板高度不加仓,5V90972T05954周三,03-15 07:49,554412,551394,"https://guba.eastmoney.com/news,601669,1679307601.html",2,2026-03-15 20:59:59
601669,周三卖完，周五就涨停了，就这个命，买的跌，卖的涨,5V90972T05954我想,03-15 07:55,433803,409276,"https://guba.eastmoney.com/news,601669,1679334582.html",2,2026-03-15 20:59:59
601669,割韭菜正当时！,5V90972T05954周三,03-15 07:51,409276,241500,"https://guba.eastmoney.com/news,601669,1679340204.html",2,2026-03-15 20:59:59
601669,明天是福还是.祸有没有大神分析一下，暂时手上40万股,860iH12766793割韭,03-15 08:08,409276,311755,"https://guba.eastmoney.com/news,601669,1679337794.html",2,2026-03-15 20:59:59
601669,亚盛集团正在办理采矿证。亚盛集团通过全资子公司甘肃亚盛鱼儿红矿业开发有限责任公司,36227G706D11681,03-15 08:08,409276,311755,"https://guba.eastmoney.com/news,601669,1679340144.html",2,2026-03-15 20:59:59
601669,记住：中东乱局使得“能源自主可控”成为贯穿2026年全年的行情主线！,36227G706D11681,03-15 07:39,582241,311755,"https://guba.eastmoney.com/news,601669,1679340984.html",2,2026-03-15 20:59:59
601669,以前都睡着了？现在喊是好题材、好股？题材是这两天才有的？,65q51C008561510,03-14 09:05,582241,292620,"https://guba.eastmoney.com/news,601669,1679328388.html",2,2026-03-15 20:59:59
601669,@妙想挂单量,65q51C008561510,03-15 04:54,311755,292620,"https://guba.eastmoney.com/news,601669,1679341533.html",2,2026-03-15 20:59:59
601669,明天能买到吗,65q51C008561510,03-15 04:54,582241,292620,"https://guba.eastmoney.com/news,601669,1679337926.html",2,2026-03-15 20:59:59
601669,有一字板基因,65q51C008561510,03-15 07:29,582241,292620,"https://guba.eastmoney.com/news,601669,1679339489.html",2,2026-03-15 20:59:59
601669,明天要不要跟上进场，陈老师再次为大家送上福利，本条帖子评论满100，点赞满100,65q51C008561510,03-15 07:11,451781,451010,"https://guba.eastmoney.com/news,601669,1679338263.html",2,2026-03-15 20:59:59
601669,今日若能涨停，必放历史天量。公司将迎来市场的价值重估，突破历史新高将是必然。否则,5HZJGn1010不给懂王面,03-15 06:12,451781,451010,"https://guba.eastmoney.com/news,601669,1676088216.html",2,2026-03-15 20:59:59
601669,周五没看涨停了明天跑了,5HZJGn1010不给懂王面,03-13 03:09,451781,451010,"https://guba.eastmoney.com/news,601669,1679340710.html",2,2026-03-15 20:59:59
601669,反正有先手的，不涨停就撤！热度都第一了，要么就是真的强，要么就是拉高出货！,5HZJGn1010不给懂王面,03-15 07:16,451781,451010,"https://guba.eastmoney.com/news,601669,1679336655.html",2,2026-03-15 20:59:59
601669,"1000多万手封单,提前挂单,机率大一点,电建的股性启动后,最爱一字涨停",5HZJGn1010不给懂王面,03-09 09:03,451781,451010,"https://guba.eastmoney.com/news,601669,1679340549.html",2,2026-03-15 20:59:59
601669,10天前至今，主升浪已经形成，下面怎么走？前高7.8，周末消息面就是继续打，都走,0o3821797K540亚盛,03-15 07:45,451781,221606,"https://guba.eastmoney.com/news,601669,1679340094.html",2,2026-03-15 20:59:59
601669,过年刚发的年终奖，第一次买到人气第一的票,0o3821797K540亚盛,03-15 06:56,221606,109696,"https://guba.eastmoney.com/news,601669,1679339258.html",2,2026-03-15 20:59:59
601669,中国电建签署139.62亿元光储项目EPC合同,36227G706D93010,03-15 07:40,221606,109696,"https://guba.eastmoney.com/news,601669,1679114099.html",2,2026-03-15 20:59:59
601669,中长线是不错的，短线得看主力格局了,I666P1126915562,03-15 07:39,221606,109696,"https://guba.eastmoney.com/news,601669,1679340016.html",2,2026-03-15 20:59:59
601669,这次战争给世界各国一个警示：能源安全关乎一个国家的生存与发展。要大力发展能源自给,I666P1126915562,03-15 07:39,291573,221606,"https://guba.eastmoney.com/news,601669,1679337664.html",2,2026-03-15 20:59:59
601669,最新数据，挂单量113.7亿，大概1485万手，明天大概率高开7个点左右，一分钟,5I569156K71606有,03-13 04:07,291573,276662,"https://guba.eastmoney.com/news,601669,1679338768.html",2,2026-03-15 20:59:59
601669,有在回封板后面买进的吗,5I569156K71606P,03-15 07:38,291573,109696,"https://guba.eastmoney.com/news,601669,1679333650.html",2,2026-03-15 20:59:59
601669,人气不要那么高,风雨桥小姐姐0,03-15 07:22,291573,221606,"https://guba.eastmoney.com/news,601669,1679339343.html",2,2026-03-15 20:59:59
601669,上次是连续五个涨停板。那时候，公司状况还没有现在好。这次，起码连续八个涨停板！,,03-15 06:10,191675,109696,"https://guba.eastmoney.com/news,601669,1679338879.html",2,2026-03-15 20:59:59
601669,庄家在11。没什么理由。,百炼凡心,03-15 05:33,291573,191675,"https://guba.eastmoney.com/news,601669,1679339249.html",2,2026-03-15 20:59:59
601669,周末消息汇总,,03-13 03:24,454606,291573,"https://guba.eastmoney.com/news,601669,1679339239.html",2,2026-03-15 20:59:59
601669,中国电建:中国电力建设股份有限公司关于签署重大合同的公告,,03-15 07:24,501712,454606,"https://guba.eastmoney.com/news,601669,1679136831.html",2,2026-03-15 20:59:59
601669,昨天差几秒没赶上,,03-15 07:28,501712,454606,"https://guba.eastmoney.com/news,601669,1678888689.html",2,2026-03-15 20:59:59
601669,有业绩、有政策支撑，按现在这个热度，周一应该是一字板！,,03-13 05:35,501712,454606,"https://guba.eastmoney.com/news,601669,1679303486.html",2,2026-03-15 20:59:59
601669,我在2月12号第一次分析中国电建，如果有相信我的朋友从当天一直拿着中国电建，那么,,03-14 10:19,501712,302930,"https://guba.eastmoney.com/news,601669,1679323891.html",2,2026-03-15 20:59:59
601669,隔夜8万亿,38U56k91533429一,03-15 06:55,593429,501712,"https://guba.eastmoney.com/news,601669,1679337230.html",2,2026-03-15 20:59:59
601669,车门已经焊死。彻底不给机会了,38U56k91533429一,03-15 07:02,600753,593429,"https://guba.eastmoney.com/news,601669,1679335676.html",2,2026-03-15 20:59:59
601669,那明天加仓不,38U56k91533429一,03-15 07:18,600753,593429,"https://guba.eastmoney.com/news,601669,1679337041.html",2,2026-03-15 20:59:59
601669,一一一电建拉升核心硬逻辑是什么？这些超级大盘国资基建股，真正核心逻辑是十五五规划,38U56k91533429n,03-15 07:18,600753,401281,"https://guba.eastmoney.com/news,601669,1679307182.html",2,2026-03-15 20:59:59
601669,ST海钦(SH600753)，半导体芯片重组，录得9涨停板,,03-15 06:59,593429,141870,"https://guba.eastmoney.com/news,601669,1679338111.html",2,2026-03-15 20:59:59
601669,现价10元的聚飞光电对比320元的天孚通信和540元的中际旭创，都是CPO共封装,38U56k91533429一,03-15 03:50,593429,501712,"https://guba.eastmoney.com/news,601669,1679337982.html",2,2026-03-15 20:59:59
601669,央广新能源宣传中,0Y3626Z2754702庄,03-15 07:13,395412,084702,"https://guba.eastmoney.com/news,601669,1679337903.html",2,2026-03-15 20:59:59
601669,这波机会，往死里干,0Y3626Z2754702庄,03-15 01:33,395412,084702,"https://guba.eastmoney.com/news,601669,1679337641.html",2,2026-03-15 20:59:59
601669,我该怎么释怀,q5l2Xmemytylist,03-15 07:08,084702,520,"https://guba.eastmoney.com/news,601669,1679328255.html",2,2026-03-15 20:59:59
601669,目前电建挂单，委买9834.35万股，委卖居然0股！连板已是铁板钉钉的了。没上车,,03-15 04:39,582525,311293,"https://guba.eastmoney.com/news,601669,1679327414.html",3,2026-03-15 21:00:01
601669,海洋经济明阳智能,,03-15 04:39,582525,311293,"https://guba.eastmoney.com/news,601669,1679336967.html",3,2026-03-15 21:00:01
601669,明天预期是一字！没有一字就是没那么强！必有资金砸！看分歧承接！,,03-15 04:39,311293,37531,"https://guba.eastmoney.com/news,601669,1679335022.html",3,2026-03-15 21:00:01
601669,估计还有三个涨停，拿的久，估计明年应该能涨到18块,,03-13 04:32,582525,49350,"https://guba.eastmoney.com/news,601669,1679335490.html",3,2026-03-15 21:00:01
601669,明天大家反正不要便宜卖给韩国人，他们来抢我们的核心资产,,03-13 04:32,582525,311293,"https://guba.eastmoney.com/news,601669,1679336442.html",3,2026-03-15 21:00:01
601669,人气榜第一的位置可不好玩,兢兢业业之沈浪,03-15 06:31,582525,311293,"https://guba.eastmoney.com/news,601669,1679336577.html",3,2026-03-15 21:00:01
601669,海上经济龙头股之一电建，它有海水淡化和海上风电及港口建设。,C389596h881354大,03-15 06:50,451300,441354,"https://guba.eastmoney.com/news,601669,1679336273.html",3,2026-03-15 21:00:01
601669,10元的聚飞光电今年将爆发，对比520元的中际旭创，都是高速光模块，CPO股！,,03-15 06:31,311293,49350,"https://guba.eastmoney.com/news,601669,1679336238.html",3,2026-03-15 21:00:01
601669,宝新能源不是20连板了？,C389596h881354大,03-15 06:49,451300,441354,"https://guba.eastmoney.com/news,601669,1679333942.html",3,2026-03-15 21:00:01
601669,最新隔夜3亿2千万手,C389596h881354大,03-15 06:49,451300,441354,"https://guba.eastmoney.com/news,601669,1679329446.html",3,2026-03-15 21:00:01
601669,一日游，利好出货,C389596h881354大,03-15 06:49,451300,441354,"https://guba.eastmoney.com/news,601669,1679336044.html",3,2026-03-15 21:00:01
601669,机会多的去,C389596h881354大,03-15 06:48,451300,441354,"https://guba.eastmoney.com/news,601669,1679336036.html",3,2026-03-15 21:00:01
601669,$中国电建(SH601669)$,C389596h881354大,03-15 06:48,441354,426572,"https://guba.eastmoney.com/news,601669,1679335988.html",3,2026-03-15 21:00:01
601669,大A三建客，明日谁与争峰，拭目以待,C389596h881354婀,03-15 06:14,451300,426572,"https://guba.eastmoney.com/news,601669,1679332879.html",3,2026-03-15 21:00:01
601669,这玩意还有海上风电，明天估计难上车了，我想加仓的,C389596h881354大,03-15 06:45,451300,441354,"https://guba.eastmoney.com/news,601669,1679335890.html",3,2026-03-15 21:00:01
601669,放我进去,O58395L3571966明,03-15 05:59,441354,426572,"https://guba.eastmoney.com/news,601669,1679335175.html",3,2026-03-15 21:00:01
601669,中东那边还有很多重建工程,O58395L3571966明,03-15 05:59,513232,426572,"https://guba.eastmoney.com/news,601669,1679335575.html",3,2026-03-15 21:00:01
601669,中国电建是海洋经济唯一龙头，没有之一,O58395L3571966明,03-15 06:42,513232,426572,"https://guba.eastmoney.com/news,601669,1679329582.html",3,2026-03-15 21:00:01
601669,明天还能买进么后悔,O58395L3571966爱,03-15 12:01,513232,232968,"https://guba.eastmoney.com/news,601669,1679334499.html",3,2026-03-15 21:00:01
601669,不吹，隔夜3500万手,O58395L3571966明,03-15 12:01,513232,152261,"https://guba.eastmoney.com/news,601669,1679331826.html",3,2026-03-15 21:00:01
601669,明天开盘超大单封死涨停！,O58395L3571966明,03-15 05:10,513232,232968,"https://guba.eastmoney.com/news,601669,1679329950.html",3,2026-03-15 21:00:01
601669,豫能控股周五跌停，周末全网唱衰电算，电算协同主线退潮了吗？,36227G706D96252,03-15 11:16,201513,152261,"https://guba.eastmoney.com/news,601669,1679331364.html",3,2026-03-15 21:00:01
601669,是不是下周吃肉,36227G706D96252,03-15 05:15,513232,201513,"https://guba.eastmoney.com/news,601669,1679334971.html",3,2026-03-15 21:00:01
601669,亚盛集团正在办理采矿证。亚盛集团通过全资子公司甘肃亚盛鱼儿红矿业开发有限责任公司,36227G706D96252,03-15 05:15,513232,201513,"https://guba.eastmoney.com/news,601669,1679334333.html",3,2026-03-15 21:00:01
601669,中东的土豪来了。,36227G706D96252,03-15 06:30,201513,30801,"https://guba.eastmoney.com/news,601669,1679334541.html",3,2026-03-15 21:00:01
601669,也属于海洋经济,36227G706D96252,03-15 06:21,201513,31360,"https://guba.eastmoney.com/news,601669,1679334531.html",3,2026-03-15 21:00:01
601669,一个长期破净的票，我不相信一下子能翻身！会被量化来回收割，反复震荡,36227G706D1513好,03-14 09:31,324942,31360,"https://guba.eastmoney.com/news,601669,1679327782.html",3,2026-03-15 21:00:01
601669,下周大跌赶紧跑吧,36227G706D1513一,03-15 06:23,324942,201513,"https://guba.eastmoney.com/news,601669,1679333927.html",3,2026-03-15 21:00:01
601669,查了一下，2021/2022年俄乌战争油价高企时中国石化业绩好每股收益五毛多六毛,36227G706D1513一,03-15 06:20,324942,201513,"https://guba.eastmoney.com/news,601669,1679333951.html",3,2026-03-15 21:00:01
601669,海上风电呵呵，刚中标。买不到了,传说中凤雏,03-15 04:45,324942,201513,"https://guba.eastmoney.com/news,601669,1679333896.html",3,2026-03-15 21:00:01
601669,准备入100手，希望早上按涨停价能买到,下周关注这条消息别犹豫别后悔,03-15 04:45,592680,324942,"https://guba.eastmoney.com/news,601669,1679331156.html",3,2026-03-15 21:00:01
601669,下周盘前热点榜来了有人气有抱团低吸不要追高还要看有没有承接力度有承接有换手就有机,cha,03-15 06:15,592680,324942,"https://guba.eastmoney.com/news,601669,1679333228.html",3,2026-03-15 21:00:01
601669,快下来吧,changiiynm380,03-15 05:32,592680,422810,"https://guba.eastmoney.com/news,601669,1679333208.html",3,2026-03-15 21:00:01
601669,中南文化，重组评估+算电协同+海工装备+宇树科技，全是本周热门，谁更强呢？,changiiynm380,03-15 06:04,592680,545242,"https://guba.eastmoney.com/news,601669,1679332840.html",3,2026-03-15 21:00:01
601669,中国电建从3月2号看多，终于涨了，但是现在人气第一有点害怕，要不要卖在人声鼎沸时,changiiynm380,03-15 02:31,592680,545242,"https://guba.eastmoney.com/news,601669,1679331975.html",3,2026-03-15 21:00:01
601669,2元股3元股4元股::甘肃能化、ST新动力、吴通控股、宏远股份、山东矿机,changiiynm380,03-15 05:59,592680,545242,"https://guba.eastmoney.com/news,601669,1679247349.html",3,2026-03-15 21:00:01
601669,$中国电建(SH601669)$,C389596h881354大,03-15 06:48,441354,426572,"https://guba.eastmoney.com/news,601669,1679332488.html",3,2026-03-15 21:00:01
601669,伊朗已允许印度船只通过霍尔木兹海峡,changiiynm380,03-15 05:46,174104,49981,"https://guba.eastmoney.com/news,601669,1679301913.html",3,2026-03-15 21:00:01
601669,怎么那么多说隔夜单的，胡说八道的很,changiiynm380,03-14 12:23,545242,174104,"https://guba.eastmoney.com/news,601669,1679330767.html",3,2026-03-15 21:00:01
601669,黑子三种人想上车，没票水号，也是想上车看不得车上挣钱,05g85z858225846,03-15 09:49,214890,174104,"https://guba.eastmoney.com/news,601669,1679332015.html",3,2026-03-15 21:00:01
601669,你们有抄底嘛，底部埋伏，数月，一飞惊人，喜欢埋伏还是喜欢追高呢大家,问我为什么选股这么准,03-15 08:40,421702,214890,"https://guba.eastmoney.com/news,601669,1679275630.html",3,2026-03-15 21:00:01
601669,每个股票上涨的时候都说是龙头，前景上涨无限，之前的锋龙，利欧，神剑，等我一追进去,问我为什么选股这么准,03-15 05:46,431141,421702,"https://guba.eastmoney.com/news,601669,1679321847.html",3,2026-03-15 21:00:01
601669,$中国电建(SH601669)$,C389596h881354大,03-15 06:48,441354,426572,"https://guba.eastmoney.com/news,601669,1679331652.html",3,2026-03-15 21:00:01
601669,牛了牛了,3E9Y2002697040短,03-14 08:14,431141,421702,"https://guba.eastmoney.com/news,601669,1679331494.html",3,2026-03-15 21:00:01
601669,人气上来了就是躺赢，这么多大v来吹牛，给我大单封死,3E9Y2002697040牛,03-15 03:21,431141,421702,"https://guba.eastmoney.com/news,601669,1679331457.html",3,2026-03-15 21:00:01
601669,明天怎么走，如果上行能破雅下的高点吗,3E9Y2002697040牛,03-15 05:40,431141,421702,"https://guba.eastmoney.com/news,601669,1679327529.html",3,2026-03-15 21:00:01
601669,AI的尽头是算力算力的尽头是电力电力的尽头是储能储能的尽头是电池电池的尽头是锂矿,,03-15 05:38,431141,361521,"https://guba.eastmoney.com/news,601669,1679327632.html",3,2026-03-15 21:00:01
601669,这种体量就是给个万亿的订单看能不能挣钱，给他们干活的农民工工资都得不到保障，在外,28c176E36938177,03-15 05:24,361521,242480,"https://guba.eastmoney.com/news,601669,1679210824.html",3,2026-03-15 21:00:01
601669,要停战了，最新新闻，下周一科技+卫星互联网+商业航天+太空算力+千股涨停，石油有色能源大跌,28c176E36938177,03-15 05:36,511481,361521,"https://guba.eastmoney.com/news,601669,1679329542.html",3,2026-03-15 21:00:01
601669,冲高回落,28c176E36938177,03-15 04:24,511481,247658,"https://guba.eastmoney.com/news,601669,1679330746.html",3,2026-03-15 21:00:01
601669,大家下午好,28c176E36938177,03-14 01:15,511481,181791,"https://guba.eastmoney.com/news,601669,1679330058.html",3,2026-03-15 21:00:01
601669,@妙想中国电建有哪些海上风电项目？,28c176E36938177,03-15 05:10,591232,511481,"https://guba.eastmoney.com/news,601669,1679329656.html",3,2026-03-15 21:00:01
601669,后悔的！当天思想了几遍就是没进来！跑中国能建去还赔了！,28c176E36938177,03-15 03:38,591232,511481,"https://guba.eastmoney.com/news,601669,1679316866.html",3,2026-03-15 21:00:01
601669,又一巨大利好！国家海洋经济主战场的龙头中国电建--海水淡化、海上风能发电、涉海基,51812X2R811481股,03-15 05:17,591232,0410211,"https://guba.eastmoney.com/news,601669,1679326499.html",3,2026-03-15 21:00:01
601669,明天开盘卖点吗，做T怕又T飞了,51812X2R811481又,03-15 01:51,591232,511481,"https://guba.eastmoney.com/news,601669,1679328760.html",3,2026-03-15 21:00:01
601669,电建与能建短期谁更有拉升潜力？,,03-15 04:27,0410211,50601,"https://guba.eastmoney.com/news,601669,1679325861.html",3,2026-03-15 21:00:01
601669,在北京京能的带领下回到十元,,03-15 04:17,0410211,15,"https://guba.eastmoney.com/news,601669,1679328896.html",3,2026-03-15 21:00:01
