index_name,window_type,stock_count,avg_cumulative_return,std_cumulative_return,min_return,max_return,avg_win_rate,avg_volatility,positive_return_rate,gt5_rate
180金融,cutoff_date,13,2.27,3.72,-2.87,12.19,47.99,1.94,76.92,15.38
180金融,effective_date,13,1.16,4.18,-3.89,9.24,42.52,1.53,53.85,23.08
5G通信,cutoff_date,19,2.6,10.96,-27.55,21.1,48.27,3.0,68.42,57.89
5G通信,effective_date,19,-2.08,5.48,-8.79,12.75,39.57,2.61,31.58,10.53
CS人工智,cutoff_date,22,7.15,14.82,-21.48,47.17,49.64,4.0,77.27,68.18
CS人工智,effective_date,22,6.48,20.59,-12.52,50.33,45.04,3.74,45.45,27.27
CS创新药,cutoff_date,28,3.46,10.32,-15.57,31.05,43.43,2.64,57.14,39.29
CS创新药,effective_date,28,-2.15,7.61,-13.84,20.47,39.94,2.85,28.57,21.43
CS新能车,cutoff_date,18,3.6,5.6,-10.79,13.56,50.76,2.72,77.78,44.44
CS新能车,effective_date,18,-1.96,5.93,-14.12,8.88,36.52,2.36,27.78,11.11
CS电池,cutoff_date,18,4.21,10.92,-14.81,30.23,42.87,3.94,66.67,44.44
CS电池,effective_date,18,-1.99,7.17,-15.87,13.29,34.19,2.55,38.89,11.11
CS计算机,cutoff_date,19,4.78,12.33,-19.97,24.34,46.47,3.5,68.42,68.42
CS计算机,effective_date,19,0.31,8.89,-12.52,24.35,39.9,2.67,31.58,21.05
CS食品饮,cutoff_date,35,4.63,5.99,-10.05,13.51,55.26,2.57,80.0,51.43
CS食品饮,effective_date,35,-4.12,7.07,-22.19,12.66,36.08,2.49,25.71,14.29
SSH黄金股票,cutoff_date,23,0.91,6.97,-14.05,18.67,46.54,2.05,56.52,26.09
SSH黄金股票,effective_date,23,-0.4,5.0,-12.4,8.51,37.04,1.88,47.83,13.04
上海国企,cutoff_date,13,4.01,4.37,-1.59,12.79,51.73,2.84,84.62,30.77
上海国企,effective_date,13,0.74,16.61,-10.93,54.78,38.74,2.22,15.38,7.69
东证红利低波,cutoff_date,92,3.69,9.17,-16.95,49.6,49.36,1.87,64.13,31.52
东证红利低波,effective_date,92,-1.05,3.59,-7.25,13.63,38.83,1.5,29.35,6.52
中华半导体芯片,cutoff_date,20,1.49,8.79,-19.09,19.0,41.59,2.9,60.0,35.0
中华半导体芯片,effective_date,20,-2.25,6.05,-11.06,10.4,37.41,2.86,30.0,10.0
中证传媒,cutoff_date,20,19.04,20.83,-1.28,66.67,62.95,3.98,90.0,70.0
中证传媒,effective_date,20,-3.3,6.58,-15.92,10.16,41.41,3.36,25.0,15.0
中证军工,cutoff_date,35,4.45,7.82,-9.98,20.48,50.0,2.98,65.71,42.86
中证军工,effective_date,35,-4.47,5.67,-16.31,8.24,39.14,2.29,20.0,8.57
中证医疗,cutoff_date,25,0.61,10.4,-24.9,12.57,48.09,2.92,60.0,44.0
中证医疗,effective_date,25,-6.35,6.39,-17.56,9.45,32.22,2.59,12.0,8.0
中证国防,cutoff_date,31,4.29,6.82,-7.24,20.9,50.33,2.89,67.74,38.71
中证国防,effective_date,31,-2.65,6.02,-15.23,9.34,42.29,2.02,32.26,16.13
中证新能,cutoff_date,31,1.22,6.88,-14.81,13.36,41.13,3.28,58.06,25.81
中证新能,effective_date,31,-1.64,8.63,-18.97,14.33,37.48,2.41,35.48,22.58
中证煤炭,cutoff_date,2,2.75,0.03,2.73,2.78,54.55,0.99,100.0,0.0
中证煤炭,effective_date,2,-0.41,0.05,-0.44,-0.38,45.45,1.39,0.0,0.0
中证现金流,cutoff_date,240,3.61,8.18,-25.35,66.82,50.61,2.3,69.17,35.83
中证现金流,effective_date,238,-0.97,5.98,-16.99,25.47,40.49,2.02,38.66,13.45
中证畜牧,cutoff_date,14,2.93,6.6,-9.25,13.65,50.81,2.83,57.14,35.71
中证畜牧,effective_date,14,-4.24,3.69,-11.13,0.85,34.42,2.48,14.29,0.0
中证白酒,cutoff_date,1,3.1,,3.1,3.1,62.5,1.41,100.0,0.0
中证白酒,effective_date,1,4.94,,4.94,4.94,45.45,4.75,100.0,0.0
中证红利,cutoff_date,39,2.25,7.26,-11.11,30.6,47.79,2.21,64.1,23.08
中证红利,effective_date,40,-0.9,5.59,-11.42,13.63,37.95,2.13,47.5,7.5
中证软件,cutoff_date,13,3.76,13.03,-19.96,30.61,42.48,3.24,53.85,46.15
中证软件,effective_date,13,0.73,8.51,-5.97,24.35,41.4,2.89,23.08,15.38
中证酒,cutoff_date,3,0.79,4.7,-4.61,3.89,52.65,2.81,66.67,0.0
中证酒,effective_date,3,-1.53,18.31,-22.19,12.66,39.39,3.97,66.67,33.33
云计算,cutoff_date,27,0.74,11.29,-19.97,25.12,44.23,3.57,48.15,40.74
云计算,effective_date,27,1.19,8.49,-14.88,24.35,44.24,2.75,48.15,33.33
人工智能,cutoff_date,59,4.89,10.32,-21.48,47.17,47.86,3.09,76.27,42.37
人工智能,effective_date,59,6.38,14.54,-12.52,55.39,46.91,3.01,62.71,40.68
光伏产业,cutoff_date,15,2.62,9.7,-14.81,30.23,39.24,3.79,60.0,33.33
光伏产业,effective_date,15,0.63,12.77,-15.87,29.98,37.33,2.79,46.67,40.0
军工龙头,cutoff_date,25,4.49,6.95,-10.8,18.11,50.77,2.94,80.0,48.0
军工龙头,effective_date,25,-1.33,5.5,-9.04,12.91,42.84,2.32,40.0,12.0
创成长,cutoff_date,199,7.27,15.21,-21.48,98.9,49.85,3.96,69.35,48.74
创成长,effective_date,197,-0.27,10.86,-17.58,68.34,39.86,2.94,39.59,19.29
动漫游戏,cutoff_date,4,5.24,14.08,-12.48,20.13,50.57,4.57,75.0,50.0
动漫游戏,effective_date,4,5.47,4.46,-0.72,9.75,45.45,3.78,75.0,75.0
北证50,cutoff_date,54,2.87,12.7,-20.34,58.68,46.31,4.2,53.7,35.19
北证50,effective_date,52,-1.75,10.24,-20.37,26.72,39.28,3.17,26.92,17.31
半导体材料设备,cutoff_date,54,-1.22,12.24,-33.18,27.03,39.04,3.19,40.74,25.93
半导体材料设备,effective_date,54,-2.58,4.47,-12.76,10.8,38.64,2.35,29.63,1.85
国证芯片(CNI),cutoff_date,8,0.54,11.45,-16.14,19.0,43.32,3.11,50.0,37.5
国证芯片(CNI),effective_date,8,-1.7,4.88,-7.78,3.81,37.5,2.9,37.5,0.0
基建工程,cutoff_date,20,6.55,8.98,-10.56,22.19,56.59,3.28,75.0,65.0
基建工程,effective_date,20,1.47,13.91,-9.9,54.78,44.36,2.71,40.0,20.0
央企创新,cutoff_date,24,4.29,7.39,-14.71,19.52,46.59,2.17,79.17,37.5
央企创新,effective_date,24,-6.56,20.5,-100.0,8.59,39.39,3.25,25.0,4.17
富时中国A股自由现金流聚焦指数,cutoff_date,80,0.21,3.44,-13.22,9.25,49.53,1.7,56.25,6.25
富时中国A股自由现金流聚焦指数,effective_date,80,0.7,5.29,-13.21,20.48,44.53,1.42,55.0,15.0
新能源车,cutoff_date,21,2.5,4.99,-10.79,8.38,48.59,2.71,66.67,38.1
新能源车,effective_date,21,-3.88,5.51,-14.12,8.88,33.38,2.1,14.29,4.76
新能电池,cutoff_date,6,4.35,3.29,-0.33,7.42,46.97,2.64,83.33,50.0
新能电池,effective_date,6,-0.65,4.0,-8.08,3.76,41.67,2.16,50.0,0.0
有色金属,cutoff_date,17,3.44,6.28,-8.34,16.44,46.72,2.45,70.59,41.18
有色金属,effective_date,17,-2.59,7.4,-11.99,20.94,32.99,1.98,23.53,5.88
机器人,cutoff_date,55,7.89,9.54,-21.3,44.1,52.91,3.58,87.27,69.09
机器人,effective_date,55,-2.69,7.94,-28.63,21.75,39.49,2.81,25.45,9.09
机器人产业,cutoff_date,135,5.39,7.82,-25.16,37.49,52.36,2.76,85.19,48.89
机器人产业,effective_date,136,0.7,7.46,-18.59,34.83,43.82,2.68,49.26,20.59
生物医药,cutoff_date,6,2.36,5.67,-7.96,7.68,42.99,2.04,83.33,33.33
生物医药,effective_date,6,-1.58,11.26,-11.68,13.43,36.97,2.83,33.33,33.33
科技龙头,cutoff_date,67,3.1,8.75,-27.79,24.09,48.61,2.94,64.18,43.28
科技龙头,effective_date,66,0.75,6.93,-13.44,28.84,42.8,2.37,57.58,27.27
稀土产业,cutoff_date,9,5.15,5.46,-4.48,14.59,44.07,5.32,88.89,44.44
稀土产业,effective_date,9,3.67,9.21,-8.94,15.83,36.36,5.21,55.56,44.44
红利低波,cutoff_date,43,2.66,4.52,-4.02,18.48,47.15,1.63,69.77,18.6
红利低波,effective_date,43,0.39,3.82,-11.66,7.43,44.61,1.83,55.81,11.63
红利低波100,cutoff_date,227,1.64,5.85,-21.23,49.6,46.63,1.6,62.56,17.62
红利低波100,effective_date,227,0.51,4.52,-10.17,17.27,41.86,1.41,45.81,16.74
红利指数,cutoff_date,20,2.32,8.69,-11.11,30.6,46.82,2.37,60.0,20.0
红利指数,effective_date,20,0.03,4.78,-11.71,8.42,41.59,2.42,55.0,10.0
细分食品,cutoff_date,12,8.07,12.97,-1.69,44.91,55.21,2.97,91.67,33.33
细分食品,effective_date,12,-3.75,6.53,-11.97,12.66,37.35,2.31,16.67,8.33
结构调整,cutoff_date,75,3.52,5.68,-10.26,19.52,48.8,2.23,72.0,34.67
结构调整,effective_date,73,-2.03,5.06,-12.52,11.97,37.4,1.72,27.4,9.59
自由现金流,cutoff_date,280,1.22,7.88,-17.96,92.43,46.23,2.35,56.43,19.29
自由现金流,effective_date,280,0.2,12.16,-29.7,51.5,42.12,2.26,32.14,22.5
证券公司,cutoff_date,4,2.14,2.58,-0.13,5.34,43.47,2.1,75.0,25.0
证券公司,effective_date,4,3.19,6.85,-4.22,9.24,41.82,2.18,50.0,50.0
金融科技,cutoff_date,12,4.14,9.67,-12.95,21.37,45.55,4.84,66.67,50.0
金融科技,effective_date,12,0.27,8.05,-14.29,12.87,42.05,3.44,50.0,33.33
