关键词,新闻标题,新闻内容,发布时间,文章来源,新闻链接,news_type
report,全球需求激增！一图梳理燃气轮机概念股,美国能源部报告《2024 United States Data Center Energy Usage Report》显示,2025-11-06 17:47:59,东方财富研究中心,http://finance.eastmoney.com/a/202511063557143365.html,report
announcement,人福医药：连续7日融资净买入累计1.18亿元（11-05）,人福医药融资融券信息显示，2025年11月5日融资净买入1624.02万元；融资余额8.71亿元，较前一日增加1.9%。融资方面，当日融资买入5095.73万元，融资偿还3471.71万元，融资净买入1624.02万元，连续7日净买入累计1.18亿元。融券方面，融券卖出0股，融券偿还1.4万股，融券余量25.41万股，融券余额515.82万元。融资融券余额合计8.76亿元。人福医药融资融券交易明细（11-05）人福医药历史融资融券数据一览,2025-11-06 07:35:07,东方财富Choice数据,http://finance.eastmoney.com/a/202511063556265013.html,announcement
announcement,亚星锚链：连续3日融资净买入累计9465.99万元（11-05）,亚星锚链融资融券信息显示，2025年11月5日融资净买入3035.32万元；融资余额4.69亿元，较前一日增加6.92%。融资方面，当日融资买入1.24亿元，融资偿还9376万元，融资净买入3035.32万元，连续3日净买入累计9465.99万元。融券方面，融券卖出5.36万股，融券偿还2.43万股，融券余量22.67万股，融券余额253.22万元。融资融券余额合计4.72亿元。亚星锚链融资融券交易明细（11-05）亚星锚链历史融资融券数据一览,2025-11-06 07:34:30,东方财富Choice数据,http://finance.eastmoney.com/a/202511063556261450.html,announcement
announcement,仁度生物：融资净买入180.15万元，融资余额3372.07万元（11-05）,仁度生物融资融券信息显示，2025年11月5日融资净买入180.15万元；融资余额3372.07万元，较前一日增加5.64%。融资方面，当日融资买入469.39万元，融资偿还289.24万元，融资净买入180.15万元。融券方面，融券卖出0股，融券偿还0股，融券余量0股，融券余额0元。融资融券余额合计3372.07万元。仁度生物融资融券交易明细（11-05）仁度生物历史融资融券数据一览,2025-11-06 07:34:27,东方财富Choice数据,http://finance.eastmoney.com/a/202511063556261068.html,announcement
announcement,马钢股份：融资净偿还2207.98万元，融资余额7.08亿元（11-05）,马钢股份融资融券信息显示，2025年11月5日融资净偿还2207.98万元；融资余额7.08亿元，较前一日下降3.02%。融资方面，当日融资买入4611.04万元，融资偿还6819.01万元，融资净偿还2207.98万元。融券方面，融券卖出33.27万股，融券偿还1200股，融券余量89.26万股，融券余额364.18万元。融资融券余额合计7.12亿元。马钢股份融资融券交易明细（11-05）马钢股份历史融资融券数据一览,2025-11-06 07:34:16,东方财富Choice数据,http://finance.eastmoney.com/a/202511063556260562.html,announcement
announcement,东方电气：融资余额19.93亿元，创近一年新高（11-05）,东方电气融资融券信息显示，2025年11月5日融资净买入3637.06万元；融资余额19.93亿元，创近一年新高，较前一日增加1.86%。融资方面，当日融资买入3.75亿元，融资偿还3.38亿元，融资净买入3637.06万元。融券方面，融券卖出4.44万股，融券偿还5.04万股，融券余量23.58万股，融券余额524.18万元。融资融券余额合计19.99亿元。东方电气融资融券交易明细（11-05）东方电气历史融资融券数据一览,2025-11-06 07:33:53,东方财富Choice数据,http://finance.eastmoney.com/a/202511063556258115.html,announcement
announcement,晶科科技：融资净偿还17.33万元，融资余额6.66亿元（11-05）,晶科科技融资融券信息显示，2025年11月5日融资净偿还17.33万元；融资余额6.66亿元，较前一日下降0.03%。融资方面，当日融资买入4496.39万元，融资偿还4513.72万元，融资净偿还17.33万元。融券方面，融券卖出5.26万股，融券偿还5500股，融券余量33.28万股，融券余额123.47万元。融资融券余额合计6.67亿元。晶科科技融资融券交易明细（11-05）晶科科技历史融资融券数据一览,2025-11-06 07:33:43,东方财富Choice数据,http://finance.eastmoney.com/a/202511063556257063.html,announcement
announcement,妙可蓝多：融资净偿还162.72万元，融资余额4.15亿元（11-05）,妙可蓝多融资融券信息显示，2025年11月5日融资净偿还162.72万元；融资余额4.15亿元，较前一日下降0.39%。融资方面，当日融资买入1293.68万元，融资偿还1456.39万元，融资净偿还162.72万元。融券方面，融券卖出0股，融券偿还800股，融券余量3.17万股，融券余额79.15万元。融资融券余额合计4.16亿元。妙可蓝多融资融券交易明细（11-05）妙可蓝多历史融资融券数据一览,2025-11-06 07:33:42,东方财富Choice数据,http://finance.eastmoney.com/a/202511063556256959.html,announcement
announcement,Krafton官宣《幻兽帕鲁》手游2025Q4开启测试；腾讯代理发行游戏《终极角逐》定于11月18日公测丨游戏早参,玩家可通过腾讯先锋云游戏平台等官方渠道参与抢注。作为海外爆款《THE FINALS》的国服版本，《终极角逐》的核心竞争力备受行业关注。据官方披露，该游戏标志性的高自由度地形破坏系统成为差异化亮点——玩家可通过爆炸物、技能等手段破坏场景中的墙体、楼板等结构，既能创造进攻通道，也可构建防御屏障，结合夺金对抗的核心玩法形成“战术拆迁”的独特体验。点评：对于腾讯及整个游戏板块而言，《终极角逐》的公测有望成为资本市场的重要情绪催化点。从腾讯业务结构看，射击类游戏是其游戏板块的核心营收支柱，《和平精英》《穿越火线》等产品长期占据国内市场主导地位，但近年面临新品迭代不足的增长压力。此次代理的《终极角逐》作为成熟IP，其落地标志着腾讯在射击赛道的新品储备进入实质释放阶段。NO.3 《光与夜之恋》官宣查理苏配音演员更替11月5日，腾讯北极光工作室旗下现象级乙女向恋爱手游《光与夜之恋》官方发布公告称，受配音演员吴磊身体状况影响，他将正式卸任核心角色“查理苏”的配音工作。公告同时披露，接任配音演员的筛选与试音工作已全面启动，项目组将“以角色契合度为核心，审慎推进后续工作”，引发玩家社群与资本市场的高度关注。,2025-11-06 07:21:25,每日经济新闻,http://finance.eastmoney.com/a/202511063556244557.html,announcement
announcement,苹果公司或引入谷歌AI技术 明年春季推出新款Siri语音助手,11月6日，据报道，苹果公司计划使用谷歌开发的一款拥有1.2万亿参数的人工智能模型，来助力其长期承诺的Siri语音助手全面升级。两家公司正敲定一项协议，其中苹果将每年向谷歌支付约10亿美元以使用该技术。新款Siri预计将于明年春季发布。,2025-11-06 07:19:45,界面新闻,http://finance.eastmoney.com/a/202511063556242949.html,announcement
announcement,前10月A股新开户涨超10% 机构加速入场凸显结构之变,A股投资者累计总户数达到39245.15万户。不过，A股开户数并不完全等同于投资者人数。根据中国结算发布的2024年统计年报，截至2024年末，2.36亿投资者已开立A股账户。在此基础上，结合“一人三户”来估算，截至今年10月末，A股投资者数量或已超过2.4亿户。此外，值得一提的是，今年以来，机构开户数也在不断增加。今年前10个月，上交所A股机构新开户合计8.38万户。同时，截至10月末，上交所A股机构投资者累计总户数达到123.66万户。在刘有华看来，机构开户数的增加释放出几个积极信号：第一，说明专业机构对A股未来行情有信心，正在加快入场布局，也反映出他们对政策红利和估值修复的预期在增强。第二，从投资偏好来看，机构更倾向于配置ETF和白马股，这可能推动市场风格逐渐转向由基本面驱动的稳健上涨。第三，机构投资者增多也是市场走向成熟的表现，这与散户更加理性的入场方式相呼应，有助于减少非理性波动，提升市场定价效率，为A股市场中长期稳健发展打下更好的基础。投资者结构持续变化某种程度上，对于“散户行为趋于理性”这一判断，年内A股增量资金来源丰富也是一种佐证。据Wind统计，截至11月5日，,2025-11-06 07:16:24,21世纪经济报道,http://finance.eastmoney.com/a/202511063556242178.html,announcement
announcement,美股全线上涨！谷歌创收盘新高, 金价上涨原油价格下跌大宗商品方面，国际贵金属上涨，原油价格下跌。 Wind数据显示，截至北京时间11月6日5:47，COMEX黄金期货价格上涨0.81%，伦敦金现货价格上涨1.29%；COMEX白银期货上涨1.34%。NYMEX原油期货主力合约、ICE布油期货主力合约分别下跌1.52%、1.4%。 ,2025-11-06 07:14:32,中国证券报,http://finance.eastmoney.com/a/202511063556242780.html,announcement
announcement,京东首辆“国民好车”在长沙工厂下线；阿里泽泰拟减持三江购物不超过3%股份｜未来商业早参,对传统商超股权的投入或随战略优先级调整而收缩。对三江购物而言，需在美团、京东等即时零售玩家的挤压下，尽快摆脱对单一股东的依赖。NO.4火山引擎发布智能体安全管理平台11月5日，火山引擎正式发布大模型安全测评平台和智能体安全管理平台。大模型安全测评平台可以通过攻击视角对智能体进行专项“体检”，并结合TC260标准，帮助企业完成大模型合规备案与上线。智能体安全管理平台则提供“资产盘点—漏洞和风险评估—加固与持续防护”三方面能力，是国内首个实现对智能体资产风险管理和提示词加固的产品。点评：火山引擎发布智能体安全双平台，是对AI安全行业“合规+防护”核心需求的精准响应。行业中，华为、腾讯等已布局AI安全基建，火山引擎依托字节内部场景验证的技术积累入局，试图抢占智能体安全细分赛道。但挑战在于，需应对头部厂商的生态壁垒，且需持续适配快速迭代的AI攻击技术，其市场突围仍待实践检验。,2025-11-06 07:13:25,每日经济新闻,http://finance.eastmoney.com/a/202511063556242355.html,announcement
announcement,加拿大央行行长：美国关税带来结构性调整 经济增长将继续不温不热,新华财经北京11月6日电加拿大央行行长麦克勒姆表示，经济要恢复到更快的增长速度，“需要比平时更长的时间”。加拿大央行预计今年的经济增长率为1.1%，2026年为1.2%，2027年为1.6%。麦克勒姆说，随着经济适应美国的关税，经济增长将继续不温不热，美国的关税正在挤压钢铁、铝和制造业等关键行业。“这是一次结构调整，各行业需要转向，他们需要投资新事物。他们会减少做一些事情。他们需要做更多的其他事情，这需要时间。”,2025-11-06 07:10:24,新华财经,http://finance.eastmoney.com/a/202511063556245328.html,announcement
announcement,美股收涨！谷歌创新高，美光科技涨近9%！比特币涨超3%，美联储官员发声,美东时间周三，美股三大指数集体收涨，截至收盘，纳指涨0.65%，道指涨0.48%，标普500指数涨0.37%。 个股方面，谷歌涨超2%，创历史收盘新高。特斯拉涨超4%，英特尔涨逾3%，Meta涨超1%，苹果、奈飞、亚马逊小幅上涨；微软、英伟达跌超1%。此外，美股存储概念股上涨，美光科技大涨近9%。 知名美股财报：高通Q4财报超预期但股价下挫。高通第四财季调整后营收112.7亿美元，分析师预期107.7亿美元，预计全年资本开支11.9亿美元，分析师预期11.8亿美元。因税收政策而一次性计提57亿美元，这将使得长期税率降低，预计第一财季营收118亿~126亿美元，分析师预期115.9亿美元。财报公布后，高通在盘后下跌2.42%。Applovin三季度营收14.1亿美元，分析师预期13.4亿美元，三季度税前利润10.2亿美元，分析师预期9.487亿美元。热门中概股涨跌不一，纳斯达克中国金龙指数涨0.15%。富途控股涨超4%，唯品会、好未来涨超2%，蔚来、霸王茶姬涨超1%，京东、金山云等小幅上涨；再鼎医药跌超4%，新东方、小鹏汽车跌逾3%，贝壳、BOSS直聘跌超2%，百度跌逾1%，,2025-11-06 06:33:13,每日经济新闻,http://finance.eastmoney.com/a/202511063556238277.html,announcement
announcement,美股成交额前20：谷歌A类股收高2.44% 苹果将每年向谷歌支付约10亿美元以使用该技术,来助力其长期承诺的Siri语音助手全面升级。因讨论未公开而要求匿名的知情人士表示，在经过长时间评估后，两家公司正敲定一项协议，其中苹果将每年向谷歌支付约10亿美元以使用该技术。苹果希望借助谷歌的力量来重建Siri的基础技术，为明年推出一系列新功能奠定基础。谷歌模型的1.2万亿参数远超苹果目前的模型。 第11名美光收高8.93%，成交66.88亿美元。据供应链消息称，三星电子已率先暂停10月DDR5DRAM合约报价，引发SK海力士和美光等其他存储原厂跟进，将导致供应链“断粮”，恢复报价时间预计将延后至11月中旬。由于三星迟迟不愿提供合约报价，直接告诉下游客户“无货可卖”，导致短短一周内，DDR5现货价格飙升25%。 第14名罗宾汉证券收高4.15%，成交43.66亿美元。该公司三季度净营收12.7亿美元，分析师预期12.1亿美元；三季度加密数字货币营收2.68亿美元，分析师预期2.872亿美元；三季度调整后EBITDA为7.42亿美元，分析师预期7.269亿美元；三季度ARPU（单位用户平均收入）为191美元，分析师预期182美元。 第18名IREN收高14.68%，,2025-11-06 06:03:59,哈富证券,http://finance.eastmoney.com/a/202511063556236338.html,announcement
announcement,工业旅游：从工厂到景区有多远,工信、文旅等部门联合组织开展工业旅游资源普查、工业旅游资源库培育和精品线路建设，截至目前已累计入库4批244个工业旅游培育资源，包括广汽、格力、TCL、中航通飞、可口可乐等一大批优秀项目；累计发布51条工业旅游精品线路，每条线路均包含2个以上制造业企业。深度融合不断提升品质工业旅游为何能火出圈？河南大学社会经济发展研究中心主任、特聘教授孙建国认为，工业旅游形式多样、参与体验感强，可以学到一些平时接触不到的知识。年轻人特别是学生对历史上和现代具有影响力的企业有着浓厚兴趣，其火爆在情理之中。对企业而言，工业旅游是塑造企业品牌形象的有效途径。汤臣倍健透明工厂客户服务部相关负责人表示，通过走进工厂让消费者切身感受制造过程和品质保障，有效提升了品牌公信力；通过寓教于乐的营养科普体验，建立企业与消费者情感共鸣，吸引游客变成品牌忠实用户，形成长期消费与口碑积累。工业旅游的价值远超门票收益，它能为企业打造可持续的隐形资产。对地区而言，工业旅游不仅是推动产业融合、激发消费新动能的有力抓手，更是传承工业精神、塑造区域文化名片的重要窗口。李莹告诉记者，,2025-11-06 06:03:30,经济日报,http://finance.eastmoney.com/a/202511063556234796.html,announcement
announcement,11月6日国内四大证券报纸、重要财经媒体头版头条内容精华摘要,成为奏响开放合作“虹桥声音”的序曲。电网投资加码+AI催生新需求 电力设备行业高景气度延续近期，电力设备板块在A股市场表现持续活跃。电网投资持续加码，输配电设备频繁招标，多家公司手持稳定订单。海外电力基础设施也在加快升级，电力设备企业在海外市场增长空间有望进一步拓宽。随着人工智能（AI）算力需求指数级增长，全球数据中心面临“电力瓶颈”，供电架构革新推动部分企业加快布局固态变压器（SST）等新型电力设备。港交所前三季度营收净利均创新高11月5日，港交所发布前三季度业绩。今年前三季度，港交所总营收、净利润均创历史新高：总营收为218.51亿港元，同比上升37%；净利润为134.19亿港元，同比上升45%。第三季度营收为77.75亿港元，同比上升45%；净利润为49亿港元，同比上升56%。融创境外债基本清零融创中国11月5日公告称，公司约96亿美元的境外债务重组获香港高等法院批准，意味着公司重组计划条件均已达成，即将生效，融创也正式成为首家境外债基本清“零”的大型房企。融创从今年1月宣布启动境外债重组、4月公布重组方案、6月迈过75%支持率门槛，到10月获98.5%债权人投票赞成，,2025-11-06 06:03:17,东方财富研究中心,http://finance.eastmoney.com/a/202511063556230428.html,announcement
announcement,第七届中国—阿拉伯国家广播电视合作论坛开幕,本报重庆11月5日电 （记者沈靖然）11月5日，第七届中国—阿拉伯国家广播电视合作论坛在重庆开幕。来自中国和16个阿拉伯国家的广播电视政府主管部门、广电视听媒体、国际组织、驻华使节、相关企业和高校智库的300名代表参加。本届论坛以“中阿文明互鉴视听创新共赢”为主题，中阿嘉宾聚焦内容和技术两大方向，围绕“数字媒体时代的中阿视听内容合作”和“技术赋能视听产业高质量发展”议题进行研讨，重点针对内容合作、技术应用、新业态培育等开展对话交流。 ,2025-11-06 05:56:53,人民日报,http://finance.eastmoney.com/a/202511063556232612.html,announcement
announcement,巴西咖啡的进博之旅—— “与中国市场一起定义好咖啡”（进博会故事）,在第八届进博会农食产品展区巴西出口投资促进局展位上，知名咖啡品牌奥尼卡被摆放在醒目的位置。工作人员递上刚冲泡好的咖啡：“我们的咖啡豆来自巴西曼蒂凯拉山脉，酸中带着一点花果香。”巴西是全球第一大咖啡生产国和出口国。近年来，巴西等多国咖啡产品通过进博会平台，加速走进中国市场，满足中国消费者日益多样化的选择。一杯巴西咖啡的进博之旅，是全球共享中国市场机遇的一个生动注脚。“流泪的山脉”孕育精品咖啡清晨，薄雾笼罩着巴西米纳斯吉拉斯州曼蒂凯拉山脉，漫山遍野的咖啡树构成一片翠绿的海洋。记者驱车沿着崎岖的山路前行，来到隐藏在这片绿海之中的奥尼卡咖啡园。“这儿的空气里都有咖啡的味道。”园主阿尔瓦罗·佩雷拉·科里笑着对记者说：“我们的咖啡豆从这里漂洋过海，通过进博会等平台展示、推广，走向中国各地的咖啡馆和消费者。”在咖啡园，60多岁的科里指着远处的山峦告诉记者，“曼蒂凯拉”在当地土著语中意为“流泪的山脉”，这里海拔较高、干湿分明，可满足咖啡生长周期对水分的不同需求。“得天独厚的自然环境使曼蒂凯拉成为巴西最适宜咖啡种植的地区之一，其出产的咖啡豆品质高，畅销世界。”从手工采摘、分拣，,2025-11-06 05:56:42,人民日报,http://finance.eastmoney.com/a/202511063556233419.html,announcement
announcement,“十四五”时期，35批次537件/套流失文物艺术品回归祖国 从“国宝回家”看文化强国建设,夯实法律证据链基础。——拓展国际合作。在子弹库帛书二、三卷返还仪式上，文化和旅游部副部长、国家文物局局长饶权说，这是通过中国主导制定的《关于保护和返还殖民背景下流失或通过其他非正义、非道德方式获取之文物的青岛建议书》，以对话与合作推动历史上流失文物保护与返还的成功实践。近年来，中国与27国签署政府间防止文物非法进出境协定。2024年，《青岛建议书》发布。2025年，中国首次当选联合国教科文组织1970年公约缔约国大会主席国，这是中国在国际文化遗产保护领域话语权提升的重要体现。——创新追索模式。“每年都有一些标志性文物返还。”在东南大学法学院副教授张越看来，中国的流失海外文物追索工作正在变得更主动，全链条服务保障工作更有作为。近年来，我国不断创新工作方法，在实践中综合运用外交磋商、法律诉讼、协商谈判、公益捐赠等多种方式，整合考古、历史、法律、外交等多领域专家力量，根据不同案例特点采取针对性策略。——各方积极参与。有网友评论：“看到子弹库帛书的回归，感受到的是民族复兴的温度。”人民日报客户端、微博关于子弹库帛书的报道，阅读量超过1000万，吸引近万名网友留言。每一次文物回归，,2025-11-06 05:56:37,人民日报,http://finance.eastmoney.com/a/202511063556233721.html,announcement
announcement,董军与塞尔维亚国防部长会谈,新华社北京11月5日电 （记者梅常伟）国防部长董军5日下午在京与来访的塞尔维亚国防部长加希奇举行会谈。董军说，中塞是历经风雨、患难与共的铁杆朋友。中方愿与塞方落实好两国元首关于构建新时代命运共同体的重要共识，打造两军务实合作新亮点，把两军关系不断推向新的更高水平。加希奇说，塞方坚定奉行一个中国原则，愿与中国军队继续深化各领域合作，共同为两国关系发展和地区和平稳定作出贡献。会谈前，董军为加希奇举行欢迎仪式，并陪同检阅中国人民解放军仪仗队。 ,2025-11-06 05:56:05,人民日报,http://finance.eastmoney.com/a/202511063556234255.html,announcement
announcement,推进务实合作 促进共同发展,”“中国在亚太经合组织中持续发挥着建设性和前瞻性作用，推动亚太地区在数字贸易、绿色产业、互联互通等领域的发展进步。”托雷布兰卡强调，2026年中国主办亚太经合组织会议，对亚太地区至关重要，“我们将重申对自由贸易、开放与稳定的共同承诺”。中国的发展成就和经济活力令托雷布兰卡印象深刻，“中国在基建、物流、能源等领域的发展成绩有目共睹，实现数亿人口摆脱贫困的壮举前所未有。中国式现代化为其他经济体提供了宝贵的借鉴经验。”智利大学国际关系学院院长多罗泰娅·洛佩斯——“开放合作是通往繁荣的正确道路”本报记者宋亦然“当前，开放合作比以往任何时候都更重要。亚太经合组织为各成员提供了一个开展对话与共同行动的平台，值得各方珍视。”智利大学国际关系学院院长多罗泰娅·洛佩斯长期从事国际政治经济研究，对亚太合作有着深入观察。她表示，自30多年前成立以来，亚太经合组织始终是推动经济一体化和贸易自由化的重要平台，在促进开放合作中发挥着不可替代的作用。“全球经济形势复杂多变，保护主义抬头，亚太经合组织秉持的开放的区域主义和合作共赢精神具有重要现实意义。它为各成员提供了政策协调的平台，,2025-11-06 05:54:41,人民日报,http://finance.eastmoney.com/a/202511063556235343.html,announcement
announcement,前沿科技锚定“中国智造” “开发出更懂中国消费者的产品”,三菱电机通过完整呈现外观检测应用场景，展示了未来工厂里能够“看得清、判得准、动得快”的智能作业。行走在进博场馆，未来已来，触手可及。在这个大舞台，全球前沿的理念和技术相互交融，与中国庞大的市场、完整的产业体系、不断优化的创新环境紧密结合，锚定新一代“中国智造”，共同孵化新的增长点，塑造着新的产业形态。,2025-11-06 05:54:33,人民日报,http://finance.eastmoney.com/a/202511063556235447.html,announcement
announcement,“慢是一种力量，真是一种抵达”（艺文观察） ——第四届华语纪录电影大会的见闻与思考,珠海香山场大厦梦剧场里，展映影片《中华白海豚》深深吸引观众尤其是孩子们的目光。白海豚每一次跃出海面的惊艳瞬间，它们眼神中的灵动、皮肤的纹理，甚至是呼吸时水珠的飞溅，都让观众仿佛置身伶仃洋上颠簸的渔船，与白海豚“面对面”。而如此真实的沉浸感，也来自影片导演闫东及其团队历经6年的追踪。为了让更多人看见人与自然和谐共生的中国式现代化之美，他们一次又一次远航，以时光为笔，蘸着南海的浪与光不断打磨。在中国科学院、中国野生动物保护协会水生野生动物保护分会、珠江口中华白海豚国家级自然保护区、中山大学等多家科研机构和高校的支持下，他们的足迹远至美国、瑞典、英国、泰国，完成上百次海上拍摄，总航程超过3600海里。回忆起连续16天海上守候的经历，主创人员感慨万千：“在静谧的夜晚，甚至能清晰地听见白海豚浮出水面换气的‘哧哧’声，那种与自然融为一体的体验，让我们领悟纪录片创作的真谛。”“真实一定是纪录片最内核的价值。”导演陈庆在大会“焦点对话”环节中分享，自己回首经典之作看到了“工夫在诗外”，内容背后的表达“让屏幕内外无限连接，打动了观众，让创作者也得到滋养”。“快”与“短”在当下如此流行，,2025-11-06 05:53:50,人民日报,http://finance.eastmoney.com/a/202511063556236082.html,announcement
announcement,“携手更多中国企业，拥抱发展新机遇”（进博会观察） ——从第八届进博会看高质量发展,“我们将继续依托全球的专业经验与资源，结合中国本土的创新能力，以优质产品与服务保护消费者健康。”欧加隆中国总裁吴泽发表示。盈康一生展出30余项创新成果。“凭借进博会大舞台，我们将深化全球协作，加大在生命科学、临床医学、生物科技等产业布局，构建科技与数智驱动的大健康生态，更好满足人们对高品质医疗卫生服务的需求。”盈康一生董事长谭丽霞说。,2025-11-06 05:53:46,人民日报,http://finance.eastmoney.com/a/202511063556231949.html,announcement
announcement,数字之中，读懂进博会这八年，中国进口这八年,非洲的进口基数较小，但2024年进口从额已达83096371万元，同比增长8.2%，增速领跑很多发达国家。 从国家来看，今年上半年中国的进口贸易伙伴前十强中，韩日超过美国位列第一、第二，印尼则以9.3%的增速后来居上。升降之间，贸易伙伴的变化，体现了中国对外贸易的多元化格局持续深化。与新兴市场合作和亚洲区域经济的拓展，保障了产业链供应链的顺畅衔接，也是构建 “双循环” 新发展格局的生动写照。 淋过雨的人，更懂得为他人撑伞。去年12月1日，中国给予所有已建交的最不发达国家100%税目产品零关税待遇，带动当月自相关国家进口增长18.1%，较前11个月加快5.8个百分点。今年1月1日起，中国又对935项商品实施低于最惠国税率的进口暂定税率。而在进博会的展馆里，从埃塞俄比亚的咖啡飘香，到阿富汗的网红松子，再到中亚各国的葡萄酒与手工艺品，越来越多发展中国家的商品被中国消费者熟知。进博会始终致力于为最不发达国家和“一带一路”共建国家搭建通往中国市场的“快车道”。本届进博会更是在免费展位的基础上，首次为最不发达国家产品设立专区，进一步扩容升级原有非洲产品专区。 新旧动能转换的机遇，,2025-11-06 05:47:59,上观新闻,http://finance.eastmoney.com/a/202511063556231316.html,announcement
announcement,Robinhood三季度净营收12.7亿美元 高于市场预期,网红券商Robinhood三季度净营收12.7亿美元，分析师预期12.1亿美元；三季度加密数字货币营收2.68亿美元，分析师预期2.872亿美元；三季度调整后EBITDA为7.42亿美元，分析师预期7.269亿美元；三季度ARPU（单位用户平均收入）为191美元，分析师预期182美元。,2025-11-06 05:34:13,财联社,http://finance.eastmoney.com/a/202511063556229414.html,announcement
announcement,顶层设计指明奋进方向 衍生品市场迎来历史性机遇,广大机构投资者，如基金、保险等，需要借助衍生品工具开展资产配置与对冲策略，个人投资者也通过参与衍生品交易寻求收益增长。衍生品市场结构升级加快。除了规模持续扩容，实体企业对衍生品的需求由可选工具逐渐变为经营刚需，进入规模与质量并进的新阶段。罗旭峰表示，从需求特征看，一方面，需求覆盖范围不断拓宽。随着国内外宏观经济波动加剧、产业链竞争愈发激烈，风险管理需求已从跨国公司、民营企业延伸至大型国企和广大中小型企业。另一方面，需求层次持续深化。企业不再满足于传统的单一套期保值模式，而是转向寻求综合解决方案，甚至将衍生品融入日常经营决策，使其成为产业链协同发展的重要纽带。此外，随着人民币国际化稳步推进，衍生品市场的战略作用不可替代。罗旭峰表示，发展以人民币计价的衍生品工具，可以形成国际影响力，吸引全球投资者。构建更完善行业生态期货行业正加快转型升级，以适应新的战略定位和发展要求。“期货行业必须实现角色的二次跃升。”罗旭峰认为，期货公司要从提供点对点的风险管理服务，向参与构建国家层面的金融安全网延伸。构建更完善的行业生态，需要多方面协同发力。程小勇认为，,2025-11-06 05:14:21,中国证券报,http://finance.eastmoney.com/a/202511063556227014.html,announcement
announcement,“十五五”锚定现代化产业体系 固本育新打开增长新空间,滚动实施制造业重点产业链高质量发展行动。“传统产业升级不能‘单兵突进’，需要政策、技术、金融协同发力。”朱克力指出，当前化工、机械等重点行业转型滞后，主要受制于绿色工艺替代成本高、设备智能化改造缺乏通用标准、中小厂商技术适配能力薄弱等问题。对此，需构建“政策—技术—金融”三角支撑体系。具体来说，政策端，可建立碳差价补贴机制，对采用绿色工艺的企业给予度电补贴，弥合与传统路线的成本差距；技术端，由工信部牵头制定智能装备互联互通标准，推动设备模块化、通用化；金融端，设立技改专项贷款，对采购国产高端设备的企业提供低息支持，降低技改门槛。朱克力表示，通过政策引导与市场机制结合，未来五年可激活10万亿级技改市场，推动传统产业向“智能化、绿色化、融合化”转型。工信部信息通信经济专家委员会委员盘和林也向证券时报记者表示，传统产业要跟上新兴产业节奏，需通过企业转型升级和并购重组，借助技术与产业融合实现快速升级，避免在市场竞争中掉队。育新提质：前瞻布局未来产业在巩固传统产业根基的同时，“十五五”规划建议明确提出“培育壮大新兴产业和未来产业”，既着力打造新兴支柱产业，也前瞻布局具有潜力的未来赛道，,2025-11-06 02:28:06,证券时报,http://finance.eastmoney.com/a/202511063556215918.html,announcement
announcement,中国机会｜ASML：半导体产业开放合作是主流,不仅员工数量增长，整个团队和业务也在不断成长。沈波介绍，ASML在北京设有一个维修中心，这是这几年公司在全球范围内都在做的举措，有零件坏了尽量在当地维修再利用，通过重复和循环使用资源最大化设备价值。目前，ASML在中国大陆、荷兰、韩国、中国台湾以及美国总共有6个维修中心。今年10月份，ASML发布了2025年第三季度财报，实现净销售额75亿欧元，毛利率为51.6%，净利润达21亿欧元。第三季度的新增订单金额为54亿欧元，其中36亿欧元为EUV光刻机订单。ASML预计2025年第四季度净销售额在92亿至98亿欧元之间，毛利率介于51%至53%；预计2025年全年净销售额将同比增长约15%，毛利率约为52%。此外，ASML预计2026年净销售额将不低于2025年水平。与此同时，ASML管理层也表示，2024年和2025年公司在中国市场的业务表现强劲，预计2026年来自中国客户的需求将从高基数水平回落，回归到历史正常水平。沈波解释称，过去两年的中国份额占比较高，是因为不同地区客户的需求有一些变化，ASML有能力交付了一些此前的积压订单，自然带来一波成长。“出现周期性变化也是正常的，,2025-11-05 22:17:30,澎湃新闻,http://finance.eastmoney.com/a/202511053556153122.html,announcement
finance,星巴克中国130亿美元的估值怎么来的？,在2025年全球品牌价值榜单Brand Finance中，星巴克品牌价值下降36%，达到388亿美元。,2025-11-05 20:22:27,界面新闻,http://finance.eastmoney.com/a/202511053556076334.html,finance
finance,COP30倒计时：中国已提交NDC 欧盟等缔约方仍未交卷,亚行的核心思路是“Finance++”（金融++），通过资金撬动更多社会资本，尤其是私营资本，和知识合作与创新。,2025-11-04 20:36:03,21世纪经济报道,http://finance.eastmoney.com/a/202511043554949466.html,finance
finance,以“和美”文化叩响世界之门 五粮液打造民族品牌“出海”样本,年入选世界品牌实验室《亚洲品牌500强》榜单、位列第29位，同时还入选“国民最喜爱的10大品牌”；位列《Brand Finance,2025-11-03 16:11:36,新华财经,http://finance.eastmoney.com/a/202511033553476377.html,finance
finance,【调研快报】赛轮轮胎接待国投瑞银基金等多家机构调研,根据Brand Finance品牌价值评估机构发布的《2025年全球最具价值轮胎…点击查看PDF原文接待对象名单序号接待对象接待对象类型,2025-10-31 18:11:21,东方财富Choice数据,http://finance.eastmoney.com/a/202510313552024141.html,finance
finance,稳实并举 蓄力攻坚 泸州老窖2025年三季报继续提交高质量发展答卷,据英国品牌评估机构Brand Finance发布的《2025全球酒精饮料品牌价值榜》中，泸州老窖以63.47亿美元位列榜单第,2025-10-31 17:18:21,新华财经,http://finance.eastmoney.com/a/202510313551986231.html,finance
finance,布莱恩·佩斯科：以协同与透明推动全球转型金融发展 | 聚焦ICMA中国可持续金融发展论坛,在推动全球转型金融体系建设方面的具体举措时，佩斯科提到，《气候转型融资手册》（Climate Transition Finance,2025-10-30 23:29:33,国际金融报,http://finance.eastmoney.com/a/202510303550914754.html,finance
finance,FT账户如何推动区域经济向高能级发展？陆家嘴金融沙龙第34期即将展开思想交锋,自贸区创新及跨境金融服务方面的工作，曾荣获上海“海外金才”、“沪上金融家”等称号，带领团队多次获得“上海金融创新奖”、《Euro Finance,2025-10-30 22:45:10,财联社,http://finance.eastmoney.com/a/202510303550800739.html,finance
report,2025金融街论坛｜2025全球金融科技中心城市榜单：北京排名第一，新兴中心崛起,北京前沿金融监管科技研究院在2025年金融街论坛上发布《2025全球金融科技中心城市报告（Global FinTech Hub Report,2025-10-29 23:04:57,北京商报,http://finance.eastmoney.com/a/202510293549019182.html,report
macro,害怕重蹈俄罗斯覆辙？印度央行加速将海外黄金运回国内,资产管理公司Pinetree Macro的创始人Ritesh Jain表示：“在当下这个国际法被无视、G7国家公然冻结他国外汇储备的世界里,2025-10-29 17:22:36,财联社,http://finance.eastmoney.com/a/202510293548589460.html,macro
macro,从“天花板”到“基准线”：美股多头吹响标普7000点冲锋号,Macro Risk Advisors的首席技术策略师John Kolovos解读称，标普500指数的下一个阻力位在7000,2025-10-28 20:13:29,财联社,http://finance.eastmoney.com/a/202510283547184783.html,macro
report,银联商务新帅上任！333万份股权仍难觅买家，起拍价再降,根据尼尔森Nilson Report历年发布的收单机构排名，该公司自2013年度以来连续十一年为亚太地区收单交易金额第一，,2025-10-28 18:33:37,南方都市报,http://finance.eastmoney.com/a/202510283547470840.html,report
macro,每日机构分析：10月28日,Renaissance Macro首席经济学家Neil Dutta指出，若本周再度降息25个基点，其风险可控性将与之相当。,2025-10-28 16:39:45,新华财经,http://finance.eastmoney.com/a/202510283546863310.html,macro
macro,阿根廷股债汇集体狂飙 发生了什么？,加利西亚金融(GGAL.US)跃升35%，Grupo Supervielle(SUPV.US)上涨31%，Banco Macro,2025-10-28 15:48:24,第一财经,http://finance.eastmoney.com/a/202510283546779026.html,macro
macro,京东汽车玩疯了，车踢球看到过吗？,该产品采用第三代Black Chili赛道级橡胶配方与Macro-blocks抓地花纹设计，在干湿地操控和制动性能上相较前代产品实现全面提升,2025-10-28 15:13:47,上观新闻,http://finance.eastmoney.com/a/202510283546745259.html,macro
finance,王俊履新东风汽车副总经理；赛力斯开启港股招股丨汽车早参,法拉第未来在美成立汽车金融公司并完成牌照申请北京时间10月27日，法拉第未来（NASDAQ:FFAI）宣布，FF汽车金融公司Faraday Finance,2025-10-28 07:04:10,每日经济新闻,http://finance.eastmoney.com/a/202510283545915917.html,finance
finance,国盛金控：自2025年10月28日起，证券简称变更为“国盛证券”,公司名称由“国盛金融控股集团股份有限公司”变更为“国盛证券股份有限公司”，英文名称由“Guosheng Finance Holding,2025-10-27 21:29:01,界面新闻,http://finance.eastmoney.com/a/202510273545728447.html,finance
finance,国盛金控：自2025年10月28日起证券简称变更为“国盛证券”,公司名称由“国盛金融控股集团股份有限公司”变更为“国盛证券股份有限公司”，英文名称由“Guosheng Finance”变更为,2025-10-27 21:09:05,财联社,http://finance.eastmoney.com/a/202510273545657957.html,finance
finance,汽车早报｜乐道L90累计交付达3万台 赛力斯拟全球发售约1亿股H股,法拉第未来在美成立汽车金融公司并完成牌照申请北京时间10月27日，法拉第未来（NASDAQ: FFAI）宣布，FF汽车金融公司Faraday Finance,2025-10-27 08:43:26,界面新闻,http://finance.eastmoney.com/a/202510273544635115.html,finance
finance,法拉第未来在美成立汽车金融公司并完成牌照申请,北京时间10月27日，法拉第未来（NASDAQ: FFAI）宣布，FF汽车金融公司Faraday Finance Inc,2025-10-27 07:40:27,界面新闻,http://finance.eastmoney.com/a/202510273544618274.html,finance
finance,出海新变量：跨境支付从“快”到“安全”与“透明”,空中云汇数据与人工智能副总裁Timothy Wong在演讲中介绍，在会上，空中云汇宣布即将推出智能体金融（Agentic Finance,2025-10-24 21:05:58,21世纪经济报道,http://finance.eastmoney.com/a/202510243543993417.html,finance
finance,融资照亮“月之暗面”,10月24日，Z Finance消息称，国内大模型创业公司月之暗面（Moonshot AI）传出即将完成新一轮数亿美元融资,2025-10-24 20:45:32,财中社,http://finance.eastmoney.com/a/202510243543871595.html,finance
finance,五粮液：演绎700余年“活”窖之美 书写文化传承“和美”新篇,五粮液连续多年入选Brand Finance《全球品牌价值500强》，以及世界品牌实验室《亚洲品牌500强》《世界品牌500,2025-10-23 23:37:27,新华财经,http://finance.eastmoney.com/a/202510233542685925.html,finance
finance,Airwallex空中云汇发布三大AI策略与全球计费管理产品,记者了解到，基于内部实践积累，空中云汇宣布即将推出智能体金融（Agentic Finance）新业务，辅助人类实际开展工作,2025-10-23 22:09:24,上海证券报·中国证券网,http://finance.eastmoney.com/a/202510233542652782.html,finance
finance,押注AI，Airwallex空中云汇发布三大AI策略与全球计费管理产品,基于内部实践积累，空中云汇宣布即将推出智能体金融（Agentic Finance）新业务，辅助人类实际开展工作，具有智能化,2025-10-23 19:17:31,国际金融报,http://finance.eastmoney.com/a/202510233542723219.html,finance
finance,未来金融峰会在沪召开 当前正进入智能体金融时代,在峰会上，空中云汇宣布即将推出智能体金融（Agentic Finance）新业务，辅助人类实际开展工作。,2025-10-23 18:49:50,证券时报网,http://finance.eastmoney.com/a/202510233542592969.html,finance
macro,三大运营商发力新场景 卫星通信业务商业化提速,其中，通宇通讯发布了Macro WiFi产品，该产品能够打通卫星网络与地面通信的链路通道，实现与星链等卫星的互联，单个设备可实现两公里范围的网络覆盖,2025-10-23 01:19:19,证券时报,http://finance.eastmoney.com/a/202510233541501253.html,macro
finance,美国国防部5亿美元大单，一路推迟后突然取消！稀土、锂概念股暴跌,据知情人士透露，美国国际开发金融公司（US International Development Finance Corp．,2025-10-19 08:50:19,每日经济新闻,http://finance.eastmoney.com/a/202510193537961363.html,finance
macro,通宇通讯正式发布Micro WiFi产品 全链路参与卫星通信基础建设,10月16日下午，广东通宇通讯股份有限公司（以下简称“通宇通讯”）成功举办“通天寰宇，智创未来”发布会，会上公司正式发布Macro,2025-10-17 19:05:30,证券日报,http://finance.eastmoney.com/a/202510173537423186.html,macro
macro,通宇通讯发布Macro WiFi产品 全链路参与卫星通信基础建设,中证报中证网讯（王珞）10月16日下午，通宇通讯成功举办“通天寰宇，智创未来”发布会，会上正式发布Macro WiFi,2025-10-17 18:28:51,中国证券报·中证网,http://finance.eastmoney.com/a/202510173537391387.html,macro
macro,通宇通讯发布Macro WiFi产品 全链路助力卫星通信基建,10月16日通宇通讯(002792)举办“通天寰宇，智创未来”发布会，会上公司正式发布Macro WiFi产品，并详细介绍公司在卫星通信领域的布局和进展,2025-10-17 12:32:01,证券时报网,http://finance.eastmoney.com/a/202510173537080730.html,macro
finance,股东频繁套现，“不差钱”的东鹏饮料急于港股IPO，是融资还是“圈钱”？,在Brand Finance发布的《2025全球软饮料品牌价值50强》报告中，东鹏饮料以30.8亿美元的品牌价值首次跻身全球软饮料品牌前十,2025-10-15 18:05:06,理财周刊-财事汇,http://finance.eastmoney.com/a/202510153534978463.html,finance
report,美股收盘：三大指数强势反弹 中国金龙指数涨超3%,Sevens Report的Tom Essaye评论称，只要AI资本支出热潮持续，股市就能维持强势。,2025-10-14 05:19:31,财联社,http://finance.eastmoney.com/a/202510143532717554.html,report
finance,明阳智能：拟投资约142.10亿元建设英国首个全产业链一体化风电机组制造基地,Investment Bank）、英国王室地产署（The Crown Estate）及英国出口信贷署（UK Export Finance,2025-10-13 09:38:59,中国证券报·中证网,http://finance.eastmoney.com/a/202510133531961190.html,finance
finance,美国国防部突爆大消息！正寻求采购价值高达10亿美元的关键矿产,据知情人士透露，美国国际开发金融公司（US International Development Finance Corp．,2025-10-13 08:48:26,证券时报网,http://finance.eastmoney.com/a/202510133532159940.html,finance
finance,142.1亿元，中国风电巨头落“子”英国,Investment Bank）、英国王室地产署（The Crown Estate）及英国出口信贷署（UK Export Finance,2025-10-13 08:41:30,上海证券报,http://finance.eastmoney.com/a/202510133531613141.html,finance
finance,380亿风电龙头，拟142亿元英国建厂,Investment Bank）、英国王室地产署（The Crown Estate）及英国出口信贷署（UK Export Finance,2025-10-13 07:45:37,中国证券报,http://finance.eastmoney.com/a/202510133531598626.html,finance
finance,明阳智能拟在苏格兰投建风电机组制造基地，预计投资总额15亿英镑,Investment Bank）、英国王室地产署（The Crown Estate）及英国出口信贷署（UK Export Finance,2025-10-12 18:27:00,证券时报网,http://finance.eastmoney.com/a/202510123531518223.html,finance
report,“十万亿”后，中国海洋经济落子何处？,Economics联合发布的《世界领先海事之都》报告(Leading Maritime Capitals Of The World Report,2025-10-12 09:36:05,21世纪经济报道,http://finance.eastmoney.com/a/202510123531462345.html,report
finance,AI赋能资管：道阻且长，行则将至| 资管报告节选,：对零售客户提供金融产品数字投顾》（Regulatory Guide 255: Providing Digital Finance,2025-10-10 09:59:59,财联社,http://finance.eastmoney.com/a/202510103530491545.html,finance
report,今夜 中概股跳水！,The Sevens Report的Tom Essaye表示：“AI是泡沫吗？,2025-10-10 00:19:53,中国基金报,http://finance.eastmoney.com/a/202510103529797988.html,report
macro,法国政坛“黑天鹅”持续扰动市场！法国国债市场遭遇猛烈抛售,咨询公司LB Macro的创始人Luigi Buttiglione表示，勒科尔尼的辞职“将法国推向未知” ，法国经济将受到商界信心明显丧失的影响,2025-10-08 00:02:09,券商中国,http://finance.eastmoney.com/a/202510073528621494.html,macro
macro,总理“闪电”辞职震撼金融市场 马克龙政府再陷财政困局与政治真空,咨询公司LB Macro的创始人Luigi Buttiglione表示，勒科尔尼的辞职“将法国推向未知” ，该国经济将受到商界信心明显丧失的影响,2025-10-06 18:40:09,财联社,http://finance.eastmoney.com/a/202510063528499133.html,macro
finance,储能爆单掀海外“淘金”热：企业抛出百万年薪抢人，猎头直言招人难,日本）”两个海外岗位，前者对应年薪为48万-72万，后者对应年薪为36万-48万；林洋能源发布了2个海外岗位，分别是“Finance,2025-10-06 17:16:48,时代财经,http://finance.eastmoney.com/a/202510063528493729.html,finance
report,全球AI算力需求“井喷” “全光运力”成为新宠,发布的最新报告《Ethernet Switch – Data Center 5-Year July 2023 Forecast Report,2025-10-02 16:28:29,中国经营报,http://finance.eastmoney.com/a/202510023528146381.html,report
finance,三菱日联金融集团正商谈收购Shriram Finance 20%股份,三菱日联金融集团正商谈以26亿美元收购印度影子银行Shriram Finance 20%的股份。,2025-10-01 08:31:15,财联社,http://finance.eastmoney.com/a/202510013527975765.html,finance
finance,三一集团与印尼金融机构签署14.5亿元战略合作协议,三一集团在广州办事处与来访的印尼PT Chandra Sakti Utama Leasing、PT Maybank Indonesia Finance,2025-09-30 17:34:02,人民财讯,http://finance.eastmoney.com/a/202509303527539479.html,finance
macro,华尔街驳斥米兰“大幅降息论”：论据存疑、不完整、毫无说服力！,Renaissance Macro Research经济主管Neil Dutta认为中性利率可能略低于美联储所认为的水平，,2025-09-30 17:03:57,财联社,http://finance.eastmoney.com/a/202509303527478542.html,macro
report,【环球财经】巴西央行预计2026年经济增速放缓至1.5%,新华财经圣保罗9月26日电 巴西中央银行25日发布的三季度货币政策报告（Monetary Policy Report）,2025-09-26 14:08:51,新华财经,http://finance.eastmoney.com/a/202509263524708755.html,report
macro,通宇通讯与澳大利亚客户签署Macro WiFi产品批量供应协议,上证报中国证券网讯（记者王子霖）据通宇通讯官方公众号9月25日消息，公司近日与澳大利亚客户正式签署Macro WiFi产品批量供应协议,2025-09-25 17:37:29,上海证券报·中国证券网,http://finance.eastmoney.com/a/202509253523689181.html,macro
macro,21特写｜中国00后AI创业 “第一天就瞄准出海”,美国智库 Macro Polo 在2023年发布的一份报告显示，全球顶尖AI研究者中47%来自中国，美国顶级AI人才中约75%,2025-09-25 12:35:23,21世纪经济报道,http://finance.eastmoney.com/a/202509253523940821.html,macro
macro,专访知名投资人拉斯·特维德：中国将在AI竞争中占据有利位置,他还是Atlas Global Macro对冲基金的创始人，该基金2025年迄今收益率已超20%。,2025-09-21 20:26:17,21世纪经济报道,http://finance.eastmoney.com/a/202509213519228870.html,macro
report,百年道氏理论对峙美股新高 周四盘后的一份财报成关键考验,尽管如此，Sevens Report的技术分析师兼编辑Tyler Richey依然主张将道氏理论与其他指标结合使用，以全面了解经济状况,2025-09-18 20:52:14,财联社,http://finance.eastmoney.com/a/202509183517488523.html,report
report,今夜 无眠！美联储即将降息,The Sevens Report的Tom Essaye表示：“若结果符合预期或偏鸽，将支持股市再创新高；对行情威胁最大的是,2025-09-18 00:09:40,中国基金报,http://finance.eastmoney.com/a/202509183516323687.html,report
macro,降息大消息！美联储重磅时刻来袭！贝莱德高管成为热门人选之一,复兴宏观研究公司（Renaissance Macro Research）首席经济学家Neil Dutta在报告中写道：“美联储下周也许可以降息,2025-09-14 10:14:44,券商中国,http://finance.eastmoney.com/a/202509143512983121.html,macro
macro,连续降息？德意志银行和摩根士丹利紧急调整美联储利率预测,复兴宏观研究公司（Renaissance Macro Research）首席经济学家杜塔（Neil Dutta）在报告中写道,2025-09-13 08:53:31,第一财经,http://finance.eastmoney.com/a/202509133512874077.html,macro
report,食品饮料ETF天弘（159736）连续7日“吸金”超2亿元，生物医药ETF（159859）今日净申购超2亿份,诺和诺德已上市产品销售持续扩容：2020年全球已有超过26亿人受到超重/肥胖影响，据《WorldObesity Atlas 2023 Report,2025-09-11 15:39:40,21世纪经济报道,http://finance.eastmoney.com/a/202509113511137063.html,report
macro,今夜！一个国家，“崩了”！,在美上市的阿根廷公司股票，包括Banco Macro、Grupo Financiero Galicia和Pampa Energia,2025-09-09 00:15:18,中国基金报,http://finance.eastmoney.com/a/202509093507921995.html,macro
report,诺和诺德研究Ozempic对阿尔茨海默病疗效？公司：应为口服司美格鲁肽 试验预计四季度完成,根据医药经济报引述World Alzheimer Report数据，2015年全球AD患者人数为4680万，预计2030年将增长至,2025-09-06 14:17:18,时代周报,http://finance.eastmoney.com/a/202509063506748382.html,report
macro,美国就业市场增长乏力 30年期美债收益率触及5%后回落,Renaissance Macro Research首席经济研究员Neil Dutta指出：“职位空缺的下降主要集中在医疗及社会援助,2025-09-04 09:46:35,新华财经,http://finance.eastmoney.com/a/202509043504632563.html,macro
macro,美国劳动力市场现放缓迹象 美联储降息预期升温,Renaissance Macro Research首席经济研究员Neil Dutta指出：“职位空缺的下降主要集中在医疗及社会援助,2025-09-04 09:01:30,新华财经,http://finance.eastmoney.com/a/202509043504220250.html,macro
report,美股收盘：美法官裁决引谷歌苹果暴涨 纳指收涨超1%,Boock Report首席投资官Peter Boockvar表示，“这一数据确实证实了各种统计中总体招聘速度放缓的现象—,2025-09-04 05:46:24,财联社,http://finance.eastmoney.com/a/202509043503876867.html,report
macro,两周两周又两周 特朗普 “交易的艺术” 还是 “拖延的艺术”？,总部位于莫斯科的宏观咨询公司（Macro-Advisory）首席执行官克里斯·威弗认为，特朗普多次威胁惩罚普京却“一再沉默,2025-09-03 16:07:10,上观新闻,http://finance.eastmoney.com/a/202509033503829820.html,macro
report,机构看金市：9月2日,FXStreet网站：美联储降息和避险需求推动金价冲破3500美元关口但短期或需谨慎BubbleBubble Report,2025-09-02 13:34:31,新华财经,http://finance.eastmoney.com/a/202509023502276873.html,report
report,创14年新高 白银异军突起,BubbleBubble Report创始人Jesse Colombo还指出，到今年年底，市场会看到ETF增持更多的黄金和白银,2025-09-01 22:51:57,北京商报,http://finance.eastmoney.com/a/202509013501374245.html,report
report,白银升破40美元！分析师预计三季度末将冲击每盎司46美元,BubbleBubble Report创始人Jesse Colombo还指出，到今年年底，市场会看到ETF增持更多的黄金和白银,2025-09-01 10:30:38,财联社,http://finance.eastmoney.com/a/202509013500850560.html,report
report,美国众多零售商警告关税影响：最糟糕的时期尚未到来,Sevens Report Research创始人汤姆·埃萨耶（Tom Essaye）表示：“现在的经济是k型（简单说就是有钱的更有钱,2025-09-01 09:19:32,财联社,http://finance.eastmoney.com/a/202509013500619258.html,report
macro,通宇通讯(002792.SZ)：中报彰显稳健经营实力，卫星通信等新业务拓展成效初显,另一核心产品Macro WiFi则聚焦户外复杂场景通信痛点，凭借高增益双波束天线阵列技术，实现2公里超远传输与200+用户并发接入,2025-08-30 11:13:29,界面新闻,http://finance.eastmoney.com/a/202508303500088490.html,macro
macro,2亿美元之差 千亿美元蒸发！谁在“绑架”英伟达,文艺复兴宏观研究公司（Renaissance Macro Research）分析师的估算显示，2025年以来，AI数据中心支出对美国,2025-08-30 10:38:02,每日经济新闻,http://finance.eastmoney.com/a/202508303500082195.html,macro
report,中信博上半年营收同比增长20% 在手订单约73亿元, solar PV tracker market share report,2025-08-27 21:24:53,上海证券报·中国证券网,http://finance.eastmoney.com/a/202508273496801746.html,report
macro,约200万UP主获得收入 B站财报来了！,今年的Bilibili World及Bilibili Macro Link吸引了创纪录的观众。,2025-08-22 00:18:36,中国基金报,http://finance.eastmoney.com/a/202508223491066232.html,macro
macro,深夜美股下挫，黄金跌破3330美元，中概股逆势飘红,Renaissance Macro经济研究主管Neil Dutta也提醒，对股票投资者来说，在杰克逊霍尔年会召开前获利了结可能是明智之举,2025-08-20 07:39:13,21世纪经济报道,http://finance.eastmoney.com/a/202508203488743821.html,macro
macro,通宇通讯：Macro WiFi在阿联酋、缅甸等多国都有小批量订单,人民财讯8月15日电，通宇通讯8月15日在互动平台回复称，Macro WiFi是公司针对户外复杂场景的网络通信痛点，特别研发的产品,2025-08-15 15:26:12,人民财讯,http://finance.eastmoney.com/a/202508153485378943.html,macro
macro,通宇通讯：参股公司四川光为首批800G OSFP 2×DR4光模块已成功实现小批量交付,每经AI快讯，有投资者在投资者互动平台提问：请问贵司在macro wifi的最新进展及订单情况如何？,2025-08-15 11:53:08,每日经济新闻,http://finance.eastmoney.com/a/202508153485225731.html,macro
macro,“美联储传声筒”：本周可能会有两位理事持反对意见,SGH Macro Advisors首席美国经济学家蒂姆·杜伊表示，“特朗普迟早会对每个机构产生影响，也许美联储抵抗这种影响的能力已经结束了,2025-07-30 10:14:16,新华财经,http://finance.eastmoney.com/a/202507303471338387.html,macro
report,华纳兄弟探索宣布业务分拆后两企业命名,Sports(美国)，探索频道，欧洲多个免费电视频道等内容品牌，以及Discovery+流媒体服务、Bleacher Report,2025-07-29 16:53:59,界面新闻,http://finance.eastmoney.com/a/202507293470333645.html,report
report,美股收盘：美日贸易协议推动标普再创新高 模因股炒作情绪有所降温,Blue Chip Daily Trend Report首席技术策略师Larry Tentarelli表示，关键是市场相信白宫将继续推动并将签署这些贸易协议,2025-07-24 05:15:26,财联社,http://finance.eastmoney.com/a/202507243465740191.html,report
report,广汽华为联合AI解决方案入选国际电联全球标杆案例,ITU正式发布《人工智能向善：创新扩大影响案例集》（AI for Good-Innovate for Impact Report,2025-07-22 16:29:24,广州日报新花城,http://finance.eastmoney.com/a/202507223464142634.html,report
macro,美国6月CPI数据出炉 通胀指标有所升温,Renaissance Macro Research美国经济研究主管Neil Dutta表示，他从这份报告中看到了经济疲软的迹象,2025-07-15 20:30:40,财联社,http://finance.eastmoney.com/a/202507153457795826.html,macro
report,失事客机双发一秒内被关闭，调查显示大概率人为因素引发印航空难,在其官方网站公布了一份关于6月12日发生的印度航空（Air India）787-8客机坠毁事故的初步调查报告（Preliminary Report,2025-07-12 19:31:06,华夏时报,http://finance.eastmoney.com/a/202507123455330476.html,report
report,3D打印新锐，冲刺科创板,Wohlers Report数据显示，2022年，我国3D打印设备市场占3D打印总市场的一半以上。,2025-07-01 09:03:51,上海证券报,http://finance.eastmoney.com/a/202507013444645977.html,report
report,科技股引领美股上半年收官创下历史新高，下半年反弹能否持续？,研究机构Sevens Report Research创始人兼总裁艾萨耶（Tom Essaye）表示，A/D线的新高表明，最近美股向创纪录高位的反弹是,2025-06-30 15:32:15,第一财经,http://finance.eastmoney.com/a/202506303443879971.html,report
report,布莱尔如何看欧洲防务建设和新技术革命？｜2025夏季达沃斯,但他认为，欧洲完全有能力迎头赶上，近期由意大利前总理德拉吉所撰写的报告（Draghi Report）为欧洲指明了正确的方向,2025-06-25 09:12:46,第一财经,http://finance.eastmoney.com/a/202506253439674288.html,report
report,Labubu爆火，3D打印概念股走强,当前，3D打印以工业级应用为主：根据Wohlers Report数据，2024年全球3D打印下游应用中，汽车（14%）、医疗,2025-06-18 18:43:56,21世纪经济报道,http://finance.eastmoney.com/a/202506183433985025.html,report
report,环球下周看点：特朗普再挥关税大棒 TACO交易会否继续奏效？,Sevens Report Research的创始人Tom Essaye指出，历史确实表明，特朗普不会将那些会造成不稳定或极端的关税威胁付诸实施,2025-06-01 01:39:30,财联社,http://finance.eastmoney.com/a/202506013419748820.html,report
report,美股收盘：特朗普贸易议程陷入混乱 三大股指小幅收涨,”Blue Chip Daily Trend Report的创始人Larry Tentarelli评论称，总体而言市场讨厌不确定性,2025-05-30 05:21:43,财联社,http://finance.eastmoney.com/a/202505303418337080.html,report
report,特朗普怒喷“TACO交易”：不是胆怯，是谈判！,研究机构Sevens Report Research创始人汤姆·埃塞耶（Tom Essaye）在周三的一份报告中写道，至今为止的交易回报显示,2025-05-29 15:45:52,第一财经,http://finance.eastmoney.com/a/202505293417904948.html,report
report,巴西初创企业版图重构 东北地区跃居全国第二,Startups Observatory）近日发布的《2024年巴西初创企业报告》（Sebrae Startups Report,2025-05-06 08:01:33,新华财经,http://finance.eastmoney.com/a/202505063396304143.html,report
