date,000001.SZ,000002.SZ,000006.SZ,000007.SZ,000008.SZ,000009.SZ,000011.SZ,000012.SZ
2025-01-21,0.09753766370328551,-0.027214872982929027,0.11948211634919842,0.02103442557223855,-0.09713650907380335,-0.08008806831436249,-0.12408420043947468,0.09046944518584708
2025-01-22,0.09753766370328551,-0.027214872982929027,0.11948211634919842,0.02103442557223855,-0.09713650907380335,-0.08008806831436249,-0.12408420043947468,0.09046944518584708
2025-01-23,0.09753766370328551,-0.027214872982929027,0.11948211634919842,0.02103442557223855,-0.09713650907380335,-0.08008806831436249,-0.12408420043947468,0.09046944518584708
2025-01-24,0.09753766370328551,-0.027214872982929027,0.11948211634919842,0.02103442557223855,-0.09713650907380335,-0.08008806831436249,-0.12408420043947468,0.09046944518584708
2025-01-27,0.09753766370328551,-0.027214872982929027,0.11948211634919842,0.02103442557223855,-0.09713650907380335,-0.08008806831436249,-0.12408420043947468,0.09046944518584708
2025-02-05,0.09753766370328551,-0.027214872982929027,0.11948211634919842,0.02103442557223855,-0.09713650907380335,-0.08008806831436249,-0.12408420043947468,0.09046944518584708
2025-02-06,0.09753766370328551,-0.027214872982929027,0.11948211634919842,0.02103442557223855,-0.09713650907380335,-0.08008806831436249,-0.12408420043947468,0.09046944518584708
2025-02-07,0.09753766370328551,-0.027214872982929027,0.11948211634919842,0.02103442557223855,-0.09713650907380335,-0.08008806831436249,-0.12408420043947468,0.09046944518584708
2025-02-10,0.09753766370328551,-0.027214872982929027,0.11948211634919842,0.02103442557223855,-0.09713650907380335,-0.08008806831436249,-0.12408420043947468,0.09046944518584708
2025-02-11,0.09753766370328551,-0.027214872982929027,0.11948211634919842,0.02103442557223855,-0.09713650907380335,-0.08008806831436249,-0.12408420043947468,0.09046944518584708
2025-02-12,0.09753766370328551,-0.027214872982929027,0.11948211634919842,0.02103442557223855,-0.09713650907380335,-0.08008806831436249,-0.12408420043947468,0.09046944518584708
2025-02-13,0.09753766370328551,-0.027214872982929027,0.11948211634919842,0.02103442557223855,-0.09713650907380335,-0.08008806831436249,-0.12408420043947468,0.09046944518584708
2025-02-14,0.09753766370328551,-0.027214872982929027,0.11948211634919842,0.02103442557223855,-0.09713650907380335,-0.08008806831436249,-0.12408420043947468,0.09046944518584708
2025-02-17,0.09753766370328551,-0.027214872982929027,0.11948211634919842,0.02103442557223855,-0.09713650907380335,-0.08008806831436249,-0.12408420043947468,0.09046944518584708
2025-02-18,0.09753766370328551,-0.027214872982929027,0.11948211634919842,0.02103442557223855,-0.09713650907380335,-0.08008806831436249,-0.12408420043947468,0.09046944518584708
2025-02-19,0.09753766370328551,-0.027214872982929027,0.11948211634919842,0.02103442557223855,-0.09713650907380335,-0.08008806831436249,-0.12408420043947468,0.09046944518584708
2025-02-20,0.09753766370328551,-0.027214872982929027,0.11948211634919842,0.02103442557223855,-0.09713650907380335,-0.08008806831436249,-0.12408420043947468,0.09046944518584708
2025-02-21,0.09753766370328551,-0.027214872982929027,0.11948211634919842,0.02103442557223855,-0.09713650907380335,-0.08008806831436249,-0.12408420043947468,0.09046944518584708
2025-02-24,0.09753766370328551,-0.027214872982929027,0.11948211634919842,0.02103442557223855,-0.09713650907380335,-0.08008806831436249,-0.12408420043947468,0.09046944518584708
2025-02-25,0.20901247424040653,0.4221065701810703,-0.05579754459900533,-0.2372587234510142,0.19901767877728052,-0.15835862018136473,-0.28628347757033396,-0.09243835739703907
2025-02-26,0.3092807131031706,0.3848631292772568,-0.5304090877268919,-0.41017718963805433,0.4693460623296277,-0.0715777111104767,-0.2414481378193946,0.09012222158476216
2025-02-27,0.3666274580695075,0.48355507254003155,-0.33567680652726223,-0.5339632790902455,0.4232524910601435,-0.13797267661361245,-0.2326721794441421,-0.03315007999442028
2025-02-28,0.456829139536004,0.49474590596855267,-0.45765828383734636,-0.6122127228835241,0.21529330833505625,-0.12860879231915537,-0.07822444286914723,0.10983588806955993
2025-03-03,0.41280961840416674,0.5170813572111063,-0.528625917761978,-0.5483652870689694,0.11714308276162108,0.08040220080602398,-0.1337985519276804,0.08335349757570998
2025-03-04,0.33461716956762494,0.4008604590244043,-0.426866359718776,-0.55883538010836,0.2667385092695698,0.1234697133329147,-0.15289555441703326,0.012911443049655566
2025-03-05,0.5823203827564855,0.40251446356180925,-0.37329332236634566,-0.5676605130542114,0.2594257346051636,-0.015217449549481545,-0.32199672364401005,0.03390742769059092
2025-03-06,0.4740476448067417,0.719716004486851,-0.19735484387604413,-0.6852243947060687,0.06197337804233038,-0.0947066592874656,-0.22143556478194307,-0.05701556468440158
2025-03-07,0.791774359945966,0.3141094494784598,-0.52912233913456,-0.4801501523678569,0.052200313654512186,-0.044023297135012775,-0.22452395799735994,0.11973562355585175
2025-03-10,0.7340761034891407,0.2151586133239325,-0.6298404626510022,-0.3156136158300478,0.06157977274166431,-0.037541206563363315,-0.22381240921855824,0.1959932047082344
2025-03-11,0.5539370281804863,0.11811584118158175,-0.05546789799545133,-0.566316982588434,0.0483633997115202,-0.012533338758750324,-0.08701279229120978,0.0009147425602576142
2025-03-12,0.8460950706715381,-0.13010409500110506,-0.20748504298830023,-0.5007353373119781,0.13616006124125787,-0.1532515418020876,-0.05902420573647569,0.0683450909271507
2025-03-13,0.9135220749053924,-0.17245162342645012,-0.29437936316925656,-0.4563180982980532,-0.02200741634401624,-0.16634259429841744,-0.0026781366441000695,0.20065515727490152
2025-03-14,0.9290689155869617,-0.016076288156472607,-0.29803589709877426,-0.3913848888921952,0.01750711730801905,-0.3296004754736097,-0.026517818152984325,0.11503933487905536
2025-03-17,0.18314948270228434,0.14203205476627978,-0.34583795261040834,-0.3573770878295844,0.09512314961748229,-0.29503577194213215,0.16623602146929092,0.4117101038267875
2025-03-18,-0.06073614413663888,0.044339044060748393,-0.08686157473301359,-0.16152874650245322,0.09033137799931397,-0.29771820270842614,0.2004019725572763,0.2717722734631929
2025-03-19,0.3581999871623245,-0.047205613659247636,-0.13122505990776956,-0.36744216781550015,-0.4949398740130343,-0.2730555984107963,0.43526547158608125,0.5204028550579423
2025-03-20,0.28615229704742734,-0.00013349407143068912,-0.3533254273195839,-0.45966435951435963,-0.14929306421743685,-0.28693846263010814,0.42789123160866066,0.5353112790968312
2025-03-21,0.2075905234871617,-0.16833067235484095,0.38546644317496065,-0.36345481194120904,-0.41749005785152116,-0.37959206190101563,0.2511063704726473,0.48470426691381663
2025-03-24,0.5415966704871701,-0.1849177626840432,0.2678250407986352,-0.5615875266471199,-0.5477756119206096,-0.13488081777282848,0.07944699953564871,0.5402930082031474
2025-03-25,0.4888656754965372,-0.2143162821178211,0.2540386246706133,-0.457379564667626,-0.6077327779864324,-0.06928957539025236,0.010100861427957263,0.5957130385670246
2025-03-26,0.3556378456223445,-0.30970892830838415,0.4489841948328536,-0.0944132287935214,-0.618493185955818,-0.19744355651191484,-0.0274004743202542,0.4428373334346941
2025-03-27,0.2698614070690134,-0.16901187196897474,0.7288352515250339,-0.1477710503086246,-0.4875846850238791,-0.2643792686894244,-0.10580049988832071,0.17585071728517598
2025-03-28,0.28928607437602255,-0.21314985938290942,0.7950376624811194,-0.17201517158702498,-0.45461376406532883,-0.24158702575747068,-0.1423227347651622,0.1393648187007543
2025-03-31,0.33673724329731897,-0.18204431437660176,0.8071243134487892,-0.2263328814272517,-0.404402754988774,-0.3696347027409724,-0.09129918547283605,0.1298522822603279
2025-04-01,0.31317131719272967,-0.13242647380715622,0.7630932983088822,-0.2852395526112022,-0.4872261657977836,-0.35538556404538624,0.019025101316668784,0.1649880394432478
2025-04-02,0.3413489735757048,-0.1679516644524338,0.6761133224029253,-0.24153652094293995,-0.5992506586270675,-0.3143612818931104,0.06171507412681534,0.2439227558101064
2025-04-03,0.24103715019444535,-0.34932692497744894,0.5321863655591343,-0.2671756609884439,0.014929129985241018,-0.5343491728342551,0.08905942433589459,0.2736396887254329
2025-04-07,0.6454196763755516,-0.0622625605431534,0.527967680261864,-0.4347248313414633,-0.0566033943118446,-0.735975623030833,-0.06491242427816502,0.18109147686804333
2025-04-08,0.623569109270375,0.1660090007911189,-0.2622095024935612,-0.5812508245285688,0.36857997336724224,-0.3804773526701976,-0.28477429302727536,0.35055388929086695
2025-04-09,0.4853050178089156,0.27359059968505867,-0.3262170555208704,-0.49127283878553024,0.4901447977113519,-0.416399696615692,-0.24231837353857125,0.22716754925533802
2025-04-10,0.3249183820931576,0.22706824061647987,-0.26368900119619204,-0.2865609004415468,0.6256010183370913,-0.4597921541438575,-0.29188691452262544,0.12434132925749293
2025-04-11,0.2552600357160776,0.13450452087587955,-0.05009036220974628,-0.1963133387694216,0.6624369443707459,-0.475379672480794,-0.4128296073165389,0.08241147981379757
2025-04-14,0.22316873135812956,-0.005993291728227313,-0.1331932581768177,0.11253138770961435,0.5841103579526266,-0.38803224632720235,-0.4082833677138747,0.015691686925751874
2025-04-15,0.47279046303583194,-0.04304563820544327,-0.07886468581602554,-0.1232341005232209,0.6594237818723351,-0.4909601856294219,-0.45497431597607935,0.058864681242024305
2025-04-16,0.6012400618730702,0.11898736366459603,-0.20703668130182212,-0.21379906009216312,0.5477941084492522,-0.5089111523794575,-0.47002695783782994,0.1317523176243544
2025-04-17,0.5014884408008634,0.3712197953576012,-0.17207909548676242,0.006737595777270948,0.4026263775290463,-0.682723575253544,-0.5023338570697161,0.07506431834524042
2025-04-18,0.5878440461492476,0.5570676729150171,0.19641511710584492,0.1389853990292106,-0.310472974073688,-0.8161405447994531,-0.2741881299507044,-0.0795105863754749
2025-04-21,0.39023642122373625,0.27813090879687113,-0.2159719589260955,0.5753750448200075,0.003922492358765425,-0.6270738974226121,-0.24933531371988282,-0.1552836971307899
2025-04-22,0.28651313290292246,0.19366524533091992,-0.07501797556271939,0.6060470023976745,-0.05647377491444098,-0.6138750118533288,-0.1434262437264421,-0.1974323745745854
2025-04-23,0.30111184907072197,0.13926556048439975,-0.05705193093013628,0.5593442315252362,-0.0156237205763932,-0.6143395161037289,-0.06749030059036734,-0.2452161728797319
2025-04-24,0.5049726719178539,0.3088119932921305,-0.4700125043596954,0.3627585216913723,0.14882412378434193,-0.8667401922622934,0.07938443639312187,-0.06799905045683158
2025-04-25,0.43340227571142026,0.2559650888147472,-0.5484716204222502,0.6590718075952926,0.07789988179401396,-0.6784140312243888,-0.14030356366074842,-0.05914983860808673
2025-04-28,0.5470458454648792,0.0663169733842108,-0.5667610790935462,0.4696455833946859,0.21633701196585867,-0.6437553138885858,-0.15608041227468555,0.06725139104718318
2025-04-29,0.46813640350195984,0.00820989409062059,-0.4528625135815299,0.6181455666749507,0.15143355909846465,-0.6814859848153614,-0.06947935062172952,-0.042097574347374905
2025-04-30,0.3291155211855405,-0.07808643369983863,-0.3871354888315223,0.4674551260979341,0.3183554196162057,-0.40532085117266464,-0.05541221874669539,-0.188971074448959
2025-05-06,0.21000661291605718,-0.0322519486264639,-0.3200982244541129,0.41008826112832264,0.40081743351541993,-0.33006720402008255,-0.11662633799773475,-0.22186859246140578
2025-05-07,0.25327165172604926,-0.07117893917888736,-0.2386951410826469,0.4799466940590448,-0.0012357176452103356,-0.2655974177927385,0.04075189039221124,-0.19726302047782207
2025-05-08,0.15514967291701987,-0.3219268594722365,-0.012056001470390938,0.6718857838314467,0.11578057938522654,-0.27704233053094607,-0.08766607921954209,-0.24412476544057748
2025-05-09,0.33012380991155366,-0.31988912780721046,-0.030530931376470484,0.7772815023100073,-0.2595432059833712,-0.21818459683295352,-0.09501317664353878,-0.18424427357801637
2025-05-12,0.22114508656376433,-0.34125495228237296,-0.05811771599676011,0.7049912581140635,0.21938317428671913,-0.14463098999398394,-0.3088298866475107,-0.29268597404391944
2025-05-13,0.4114415426713324,-0.4166712876061906,-0.012917986069458522,0.822895423681993,-0.17482447853186558,-0.17439289700090888,-0.251341404560087,-0.20418891258481503
2025-05-14,0.4809933860752084,-0.4478658766979568,0.03953231918640849,0.8278539078766424,-0.21833467093053763,-0.2590920019232204,-0.19884848606958835,-0.22423857751695642
2025-05-15,0.5547621885312654,-0.40117442177652574,0.05435479125921946,0.8114442493347834,-0.3408181262757597,-0.3250072061110237,-0.1841038972322558,-0.1694575777297036
2025-05-16,0.4698217861308118,-0.43093183638906746,0.02493877703091752,0.8654953061126621,-0.21194731039478834,-0.29808867546560075,-0.18003614820262726,-0.23925189882230813
2025-05-19,0.24520698639467162,-0.45847734974321147,0.4723842965468296,0.7119588734750321,-0.16915311479204578,-0.4367826938766304,-0.03741948651211597,-0.3277175114925297
2025-05-20,0.3226992123248958,-0.5129991481121429,0.440029809559701,0.7827565988937724,-0.2745266443000643,-0.3567900288839508,-0.08210285158549038,-0.31906694789672074
2025-05-21,0.4151815218298486,-0.5871042416241424,0.17337661543453067,0.833060306490242,-0.08878835853817177,-0.24399473326293367,-0.18993074727574835,-0.31180036305362524
2025-05-22,0.5034888938730505,-0.4870524807456818,0.27049549080241914,0.913430020197634,-0.26821400819593794,-0.33000906969250793,-0.2943143450652853,-0.30782450117369065
2025-05-23,0.5799379821032469,-0.4801829591510439,0.33326567844224936,0.8782351848784526,-0.30253117570493143,-0.269570899974697,-0.43250093551658225,-0.3066528750766945
2025-05-26,0.5549428056792887,-0.5421074588986518,0.551062216515542,0.7329174950996692,-0.2606354241886902,-0.26339578139297626,-0.4009097685631988,-0.3718740842509828
2025-05-27,0.4805521124728723,-0.48818370838411757,0.7325696478991394,0.6285018988077552,-0.3426865259172114,-0.30583627119638407,-0.3162331686955658,-0.388683984986488
2025-05-28,0.5878798752406182,-0.5548040235558255,0.7327771870754427,0.5232787777436695,-0.18011493969943476,-0.24245547551864285,-0.41436061342713587,-0.4522007878586913
2025-05-29,0.36679481818979776,-0.5111378665399549,0.5020570510845048,0.870782077958732,-0.21587543431625325,-0.2330277393788097,-0.2882643593620068,-0.49132854763601
2025-05-30,0.5083287948338775,-0.5668999576502748,0.4124174945056544,0.8734281040033629,-0.29848252604808195,-0.27718264588526614,-0.22667879334325175,-0.4249304704160201
2025-06-03,0.7143665442556933,-0.4906746970489823,0.05859982834426255,1.0319119976942117,-0.2928628016815719,-0.41677197795147175,-0.2464208770238485,-0.35814801658829315
2025-06-04,0.658926388400142,-0.41139646726168694,-0.010928900469781934,1.0750077550210122,-0.33453747201613415,-0.4073635290822774,-0.24352978826768806,-0.3261779863235861
2025-06-05,0.5590396261825007,-0.4053334008085772,0.03335359372431384,1.0956574062065163,-0.25709126584963315,-0.3938108699179546,-0.3084814510626023,-0.3233336384745634
2025-06-06,0.545432081351436,-0.4894099592413808,-0.012430204173934985,1.0862334475359283,-0.27202466224931954,-0.31871523676842445,-0.23857011698073918,-0.30051534947356534
2025-06-09,0.4781129417019962,-0.4581871793230413,0.056740953184663,1.0838429034694976,-0.2722022658192568,-0.22025258594380578,-0.3233153143398684,-0.3447394529301846
2025-06-10,0.7193982336831032,-0.41818590713845255,0.061537631010627473,0.8633309703216714,-0.33542148856604653,-0.3750587553763161,-0.20522646896030708,-0.3103742149742801
2025-06-11,0.5444894956688605,-0.5416828733776209,0.25209855974868967,0.8171558229056475,-0.2978277085039306,-0.26856644679227043,-0.1530798149123124,-0.3525870347370632
2025-06-12,0.4201651649221728,-0.5187670602452407,0.3950441927485124,0.8090803186299916,-0.2805889287924257,-0.21639110654973273,-0.25263344365765045,-0.35590913705562754
2025-06-13,0.5202307722311671,-0.5281534984395836,0.4297250055134139,0.6505443474967921,-0.25825126083181776,-0.04333303716059255,-0.31511517283137425,-0.45564715597800504
2025-06-16,0.8739481853221921,-0.3133653793068592,0.19753587190434999,0.46820899973609065,-0.31750091604994646,-0.13049946650500158,-0.3082121724620636,-0.4701151226387616
2025-06-17,0.8912021985666011,-0.426083505284173,-0.035017193276082444,0.48371574218819213,0.018776897222998863,-0.08685486542273516,-0.42056643777915176,-0.42517283621564966
2025-06-18,1.0337317984153456,-0.378511691415411,-0.1290455333954319,0.4600096289503642,-0.1030994571502023,-0.08922359938347085,-0.5356160328890895,-0.2582451131321037
2025-06-19,1.1531779560936513,-0.4229300534099438,0.04235164858222854,0.044299338303469986,-0.24759113063697621,-0.06315520224133037,-0.4664895476223186,-0.039663009068781147
2025-06-20,1.1572064569606655,-0.4162265627749854,0.2932462253824158,-0.31190095133886375,-0.18028417343023248,-0.0632693759688622,-0.43880893524732106,-0.03996268358281596
2025-06-23,0.9587556861511183,-0.5289590938987582,-0.10716547380345653,-0.03146452043312837,-0.07409816811044062,0.31260624016836375,-0.32444379524765316,-0.20523087482604546
2025-06-24,0.7211897379630479,-0.5057044765040886,-0.07063170543415517,0.0908693752490648,-0.14595985356535157,0.48104715458053965,-0.2863801939258965,-0.28443003836316016
2025-06-25,0.7274881284589618,-0.38359439913923915,-0.23457067798360337,-0.039003526759880884,-0.01817982713394154,0.4717928547868711,-0.3265791951550101,-0.1973533570741578
2025-06-26,0.950687967997282,-0.3442824533178665,-0.28556149349863197,-0.11459801773195186,-0.08958303850676187,0.4004739642018172,-0.35610288021006126,-0.16103404893382536
2025-06-27,0.8446226409886154,-0.288497422076347,-0.33204940486673445,-0.13116287969703835,-0.05671647926457488,0.4484678954751567,-0.34326503686281845,-0.14139931369625902
2025-06-30,0.6759960767066717,-0.16681890975447644,-0.5443063236429097,-0.14261777291213387,0.06853020189550822,0.5340982668552443,-0.33389959087008264,-0.09098194827782172
2025-07-01,0.6519613239786616,-0.2143210768856306,-0.41148402645186793,-0.23885158815305077,0.011921112930203722,0.597666580925509,-0.3690636820586896,-0.027828644285135318
2025-07-02,0.6206382029411814,-0.08729926283260649,-0.4910883624640812,-0.28522093837775686,0.02986912741842867,0.4800021172443844,-0.3699703545096097,0.10306947058006011
2025-07-03,0.7522676388002824,-0.1223412446609046,-0.48867870143761133,-0.29320479086351314,-0.028439023179581073,0.4393170939028806,-0.33158787753682,0.07266690497526714
2025-07-04,0.8522162667571498,-0.08547742059739444,-0.45295099912308306,-0.3320644368660441,-0.048931479388251896,0.34335035380023243,-0.36376792802458086,0.08762564344197264
2025-07-07,0.883928758233869,-0.050239490133138984,-0.2970920524106641,-0.4407635723277164,-0.0485496951477735,0.1269640904291149,-0.1895762414265981,0.01532820278290735
2025-07-08,0.7764987563523943,-0.07804117885057904,-0.36282334030682145,-0.40480944680546993,-0.0818115145451716,0.1737053114944722,-0.161622436828461,0.1389038494896362
2025-07-09,0.8962544829796469,-0.03234050238227544,-0.3900601556436755,-0.4208761017932698,-0.05484485940518593,-0.010363155966778746,-0.11500978705703238,0.12724007926857023
2025-07-10,0.9610495952451398,0.02882276149881057,-0.39107729762086,-0.47591329030130963,-0.09558295232621265,-0.13287562080381857,-0.030040425787473908,0.13561723009572452
2025-07-11,0.8361908390816581,0.1038150866592576,-0.38318590643557965,-0.5067928998416702,-0.08419702469907357,-0.058243045690743386,-0.03346366686886298,0.12587661779501408
2025-07-14,0.8755870766512374,-0.05292261289454979,-0.5208357770851239,-0.38527089108767926,0.04852199673341769,0.008667552410827235,-0.11896358419104483,0.14521623946291584
2025-07-15,0.8019552668561114,0.0481930473649158,-0.4151213260583924,-0.4017054810610481,-0.08819474488707167,-0.053245051667117446,0.04177036670092845,0.06634792275167366
2025-07-16,0.7222774633915059,0.03553436364417378,-0.4819682876086177,-0.3968949524559403,-0.030057428142328126,-0.016229871270942296,0.09269441621184535,0.0746442962303032
2025-07-17,0.6097386247932643,0.01749875905986907,-0.5213206791151789,-0.34067446049934175,0.07116550433125522,0.08932729740990022,-0.01412479786924347,0.08838975188947588
2025-07-18,0.6815256861984331,0.07134481270179721,-0.5207085882094935,-0.3570432519770179,0.06086860416411146,0.0401539462759705,-0.050916631023166965,0.07477542186936638
2025-07-21,0.41250460484230095,0.051770060994794136,-0.5855254744646669,-0.20754286720318457,0.2747909739966533,-0.1628226027386925,-0.1405179196562875,0.3573432242290826
2025-07-22,0.2140557517426199,0.11105558030853777,-0.5156609983506355,-0.31001574302596013,0.27591947436502023,0.11641845468293474,-0.18378424719620776,0.29201172747369064
2025-07-23,0.3013549573887209,0.2539806086941571,-0.49160988735621375,-0.3584667332051688,0.32719697345565874,0.10958982073770565,-0.22668213551534588,0.08463639580048511
2025-07-24,0.005893986888999843,0.30081596892704227,-0.45677508426701735,-0.42443692856741855,0.28528745179612186,0.09927380169494446,-0.1230741324063053,0.3130149359336326
2025-07-25,0.07404959911689474,0.36369006513137925,-0.4201974180991908,-0.517234085642855,0.07469383272141365,0.2864364327652519,-0.080658190839901,0.2192197648470076
2025-07-28,0.16547652645878172,0.39123504497750444,-0.051376149599681877,-0.6643186315558769,-0.12337381829706796,0.5451582680447139,-0.2006489170579912,-0.06215232297038262
2025-07-29,0.03533781135235845,0.5727137227540077,-0.0794616237691124,-0.6694017943939521,-0.03296701427052837,0.2714208883153794,-0.005842048159167064,-0.09179994182898599
2025-07-30,0.3129764054180055,0.3809217373219922,-0.27468329729669355,-0.7403123919956415,0.14552341620001583,0.3071848354454851,0.05227338949901519,-0.18388409459217925
2025-07-31,0.3303766258331831,0.012096292924063251,-0.08073059148493975,-0.5095500420260796,0.015233241299461039,0.7041215974542966,-0.2750305508535762,-0.1965165731464083
2025-08-01,0.17799086201698663,-0.16117695011311917,-0.07511379378894764,-0.3022134998551179,-0.04460673742264844,0.7795889612990253,-0.16078680950256655,-0.21368203263361257
2025-08-04,0.1298812318070763,-0.16804298516293795,-0.08076956067399982,-0.014706408174863898,-0.058817207127197964,0.9530235915676043,-0.41206662995797805,-0.348502032277703
2025-08-05,0.40132581803376577,-0.18561264127975108,-0.04768783619800505,0.17909896882948317,-0.1513922489362757,0.8069597553488338,-0.4977751388591625,-0.504916676938888
2025-08-06,0.2500355394951337,-0.28177360377260624,0.1725314482356749,-0.12256599671807941,-0.05165362902188112,0.8891779386830828,-0.4504016610686696,-0.40535003583265494
2025-08-07,0.24410953893413836,-0.2864747631129743,0.333365850298403,-0.08369385390894918,-0.17209239250254982,0.7391510846564447,-0.21004551302949429,-0.564319951335019
2025-08-08,0.18796639411826618,-0.4143790220956663,0.31421140127852676,0.37286149021480075,0.09705632908614929,0.31074998227558104,-0.3587505298576375,-0.5097160450200213
2025-08-11,-0.014842651072913958,-0.3451176805212241,0.5093051323482007,0.12239273626510186,-0.03887159019544017,0.12425419339111923,0.16911809465008174,-0.526238234864925
2025-08-12,0.09223582473945588,-0.31462359417813196,0.5902015672656428,-0.12210127051309874,-0.14890400544461493,-0.02574395733081567,0.3575990207537811,-0.4286635852922183
2025-08-13,0.08114710590173382,-0.3250469830207285,0.7510609067797199,-0.19602580448541743,-0.13502640893845128,-0.03746755288388825,0.2822993522804127,-0.4209406156333811
2025-08-14,0.14244419641523068,-0.22160374777360128,0.6080449062094451,-0.30492309496353187,-0.1898347453673869,-0.14535429828189667,0.5359029495076598,-0.42467616574591854
2025-08-15,0.01263773742362461,-0.16041123418709397,0.7228847224912192,-0.39074819518184833,-0.21616138659139003,-0.023039198085346012,0.4040209923648547,-0.3491834382340198
2025-08-18,0.05068004124868331,-0.23580528088039837,0.8387963039110488,-0.30970830559664453,-0.2688272861353564,0.017366002505970264,0.32140708339092733,-0.41390855844422997
2025-08-19,0.09559122747488727,-0.2628524220368508,0.8887001432781046,-0.18975971541909228,-0.2881482423645522,-0.06181379367191743,0.27928934405292755,-0.461006541313507
2025-08-20,0.04337821322967924,-0.32711430558960947,0.7781679109426692,-0.16031754283887248,-0.21975223796342683,0.12060847585368548,0.16251927154516857,-0.3974897851792937
2025-08-21,0.04877300472920821,-0.42791259427345846,0.6798415850492606,-0.00997225801243775,-0.020639107912158304,0.17112690621894336,-0.07853068504445623,-0.3626868507549011
2025-08-22,0.0021734363032856266,-0.4068218950949951,0.6614890719435863,0.054143682735546254,0.0032979423716813,0.19474581874009836,-0.16094365165866598,-0.34808440534053664
2025-08-25,0.043317865729052975,0.31968508292624315,0.5833764365454046,-0.3433329596349765,-0.03583335716256459,0.03468869807593023,-0.13897841824636203,-0.46292334823272746
2025-08-26,-0.07474443387675553,0.13658999449934,0.6742871632632701,-0.11325482266686751,-0.10944205801542463,0.07394376593260285,-0.17097522621464809,-0.4164043829215169
2025-08-27,-0.028581576821535414,0.11995384141783594,0.6349710236282802,-0.11418428211027268,-0.19287763581851883,0.24944342860216126,-0.46289961392719065,-0.20582518497075963
2025-08-28,0.0019492877343114043,0.16014547790578965,0.7787148499954752,-0.21459388583227643,-0.21399834093899237,0.14707535909329109,-0.40074798450227395,-0.25854476345532473
2025-08-29,0.004099844937139295,0.15740427974027793,0.7361605410595125,-0.23046532093800662,-0.28945408140804946,0.37247421652434504,-0.4590727588446682,-0.2911467210705508
2025-09-01,-0.12727797380898237,0.21950846831347615,0.5902184382100973,-0.17539063859450574,-0.2277354560688816,0.31365106661780645,-0.34530066235329143,-0.2476732423157188
2025-09-02,-0.04101869456384329,0.10293509453686087,0.6283127042685073,-0.3038996274933398,-0.22480519979619581,0.505715790542204,-0.4284924969462299,-0.23874757054796342
2025-09-03,0.013892931819915029,0.0976644233305875,0.7189849249765808,-0.36204427321475147,-0.35109682816525056,0.5208851709523287,-0.4815927565347273,-0.15669359316468282
2025-09-04,-0.00830367800077151,-0.02392118761183612,0.7299347230835207,-0.2524312614416976,-0.3212777109093942,0.510024674046549,-0.5339673101706648,-0.1000582489957052
2025-09-05,-0.05716819553241891,-0.05564760128161763,0.6720528964592303,-0.33118284818833627,-0.39423864297487826,0.6776241761162601,-0.4472314304058514,-0.06420835419238777
2025-09-08,-0.0029412200573766187,0.032857785455560534,0.36171667798017865,-0.2290750437043765,-0.37499386606089324,0.836422468656963,-0.5436194276003945,-0.08036737466966115
2025-09-09,0.08900459485896473,0.1142311542591028,0.06599410176637621,-0.16956961282188762,-0.3368828947759472,0.80620058291325,-0.5764574381328584,0.007479511932999408
2025-09-10,0.031223139265796417,0.1345059662644807,0.1242655635291729,-0.16484323983113028,-0.3339637788760884,0.8126913172242343,-0.5027833403024682,-0.10109562727399754
2025-09-11,0.014837386880892457,0.05478421606443778,0.25300707140844997,-0.1008860346514173,-0.31250073513404586,0.7985338147615898,-0.585461550966723,-0.12231416836318335
2025-09-12,-0.08491795994039666,0.15111075945664149,0.21380112016379133,-0.18510188280139003,-0.2628934549171522,0.8400770368608023,-0.523587124054085,-0.1484884947682114
2025-09-15,-0.12510798319678423,0.3364539544848534,0.08790153915399959,-0.24733494319246355,-0.0807110089474855,0.7242374715619276,-0.5602206420991234,-0.13521838776492376
2025-09-16,-0.18193894729984653,0.3951125088797353,0.13061480091641287,-0.34938504736049586,0.1071070133572893,0.6241012714017118,-0.5534877303848447,-0.1721238695099624
2025-09-17,-0.23973016990337562,0.3814971537576126,0.6073226487843109,-0.4841883106207075,0.009798072387374809,0.41815460861161347,-0.435640933494129,-0.2572130695226992
2025-09-18,-0.28446163291898957,0.20778584167147207,0.7289497656656162,-0.6132750361855397,0.04563976452601575,0.391590082109086,-0.25531789309129616,-0.22091089177636458
2025-09-19,-0.2086823629351933,0.3990987245826216,0.8824003058338877,-0.67779368844913,-0.23544750641846893,0.22135373253494753,-0.22274498106070517,-0.15818422408795976
2025-09-22,-0.1731198784274217,0.36987390326915737,0.9568119937083696,-0.5935640825394872,-0.2311689438809054,0.17150542462896548,-0.3507772639552407,-0.14956115280343718
2025-09-23,0.02507446864600115,0.19002827387375867,0.9707063539119075,-0.6885669610923455,-0.25729652495438177,0.22605094655532812,-0.3486197817770626,-0.11737677516320563
2025-09-24,-0.08315533965321167,0.08452966549359925,0.9813717118244589,-0.5629332121503321,-0.29946206390193614,0.3791220553164974,-0.2553340844685449,-0.2441387324605307
2025-09-25,-0.08317227776472466,0.06470142059484954,0.9086881828428567,-0.5675410689850487,-0.35180874944492635,0.5476555799311945,-0.2961909867888111,-0.22233210038538986
2025-09-26,-0.11274530786302792,0.022832767865792518,1.0513830351611737,-0.5431356458118726,-0.24133880249920683,0.3958259074148992,-0.2972855671954901,-0.2755363870722676
2025-09-29,-0.16821361487519418,0.014657047736265735,0.9004075498111733,-0.4488416057929861,-0.30629927579117683,0.6353680126822788,-0.3418134358216091,-0.28526467794875177
2025-09-30,-0.18086609913065624,0.040927200923071665,0.8829886792777487,-0.3742543618899655,-0.3965019242500657,0.6671573744117666,-0.2854460539377724,-0.35400481540412704
2025-10-09,-0.21613760384131817,-0.013925226297701513,0.8728029435828756,-0.27383885021899645,-0.3450860460110525,0.6908976719121928,-0.353092237729092,-0.3616206513969078
2025-10-10,-0.19794523111024273,-0.08221694913863804,0.9974752343886699,-0.3531463615184972,-0.32024767008768695,0.5283158070964855,-0.23255756988148854,-0.33967725974860213
2025-10-13,-0.12617004732538292,-0.15093714088487106,1.1083650452717413,-0.372912295318978,-0.2952005459270235,0.26787819142220665,-0.08484571643845187,-0.3461774907992408
2025-10-14,-0.015192536633982866,-0.2987115228624597,1.0673618969114524,-0.3688161167598314,-0.2338803774074951,0.0112688281523649,0.09750793767999197,-0.25953810908004055
2025-10-15,-0.09414179936573283,-0.2756724074530972,1.1347222008210223,-0.335193987231129,-0.1939404679070346,0.1766306466077812,-0.19426462239609535,-0.21813956307571453
2025-10-16,0.004394702752146158,-0.28710295044046796,1.090476745371325,-0.355735693500805,-0.3124166523089534,0.05540490015149772,0.062479011833567404,-0.2575000638583099
2025-10-17,0.02064804326252092,-0.23664279532721025,1.1870214976172804,-0.37899134430399706,-0.3049266805229214,-0.12098832768830314,0.041027055881598544,-0.20714744891896764
2025-10-20,0.06881658797518406,-0.3149778044296492,1.19981734073397,-0.292373895775963,-0.2845147063175015,-0.22527480544904152,0.04880662870980675,-0.2002993454468059
2025-10-21,0.032639160143839795,-0.40837987572998385,1.0817705806973077,-0.2360169476963981,-0.2905878238640849,-0.1132333555881696,0.176604891327466,-0.24279662928997708
2025-10-22,0.12735533059712534,-0.4458424794106514,1.0946744930471874,-0.21633558875096906,-0.32566824744770956,-0.19779866058995818,0.18733947725632097,-0.2237243247013455
2025-10-23,0.048564083795845446,-0.3749925087927967,1.0793056031220647,-0.25783053260895233,-0.39304897224462015,-0.1698394032556431,0.33284594798852213,-0.26500421800442
2025-10-24,0.07229868724515598,-0.3231714613399327,1.311895056702972,-0.21504624440273215,-0.39193043982829984,-0.1173332579766905,-0.024788535982808203,-0.3119238044176644
2025-10-27,0.090493149181336,-0.4008385962705894,1.346378854256043,-0.1831909352231094,-0.27884353950325835,-0.15380912574871072,-0.13177052858688895,-0.2884192781048224
2025-10-28,0.04454842946871313,-0.46232752830559054,1.0671372284597518,-0.14486025583759918,-0.3597555415197186,-0.23131364637696047,0.315352257253379,-0.22878094314197506
2025-10-29,-0.05666955917785759,-0.365916778531813,1.1804229312013335,0.02275510471221228,-0.43060418048533255,-0.22840514548097493,0.08892562967755091,-0.21050800191511848
2025-10-30,-0.029587130480505285,-0.394217075154143,1.0392737551239637,0.23154713550504666,-0.41220410330005813,-0.2928092042203565,0.08574916091732829,-0.22775253839127563
2025-10-31,-0.05666874443329802,-0.3885498096469394,0.9676450991223408,0.254796337559588,-0.38596077290687214,-0.29542679447764575,0.14416063653864328,-0.23999595175581673
2025-11-03,-0.005726277402815623,-0.37798798125777455,0.8562528619475352,0.442135191351999,-0.3611997827301643,-0.35076919952449676,-0.0008183268362603954,-0.2018864855480228
2025-11-04,0.11853964416905116,-0.3643038886322514,0.7986779696913784,0.425434836897208,-0.2821613095912231,-0.457359927287211,-0.08795144184125485,-0.1508758834056974
2025-11-05,0.09296612307729465,-0.39430119292817917,0.6884254958959976,0.5389129549728385,-0.20548600107877799,-0.4894138230621212,-0.1321664438581675,-0.0989371130188848
2025-11-06,0.09855983981383737,-0.3981188287961173,0.6130422135525738,0.6023471988073421,-0.22878945050293428,-0.47689783764642174,-0.1438305749182022,-0.06631256031007779
2025-11-07,0.10704918576866432,-0.36049969388444086,0.4285085975800991,0.768076678569624,-0.23453874633757457,-0.35105826257153117,-0.3279102899970309,-0.029627469127809725
2025-11-10,0.13914758556480414,-0.24223706008748175,0.23194494589280454,0.7805567656751339,-0.19787850343471022,-0.2584998240354987,-0.4383397871113561,-0.01469412246369585
2025-11-11,0.1206444778182797,-0.25954668012357623,0.07666153211131757,0.5294124243835839,0.14926254726650365,-0.17232372266336607,-0.43994780790170446,-0.004162770891037823
2025-11-12,0.13469002587934284,-0.2796400176017937,0.16697416891061342,0.6826747103990725,0.12823616178533023,-0.3149215778197591,-0.4320662966479525,-0.08594717490485385
2025-11-13,0.08131785523050067,-0.32094298497731405,0.2475521424655018,0.5977460503059269,0.31152166134316356,-0.215062064434306,-0.6431313077131405,-0.05900135222033187
2025-11-14,0.1269969169636637,-0.2934704537611999,0.10320536277670714,0.6711896796885719,0.25116243300918484,-0.16934034787183042,-0.5647165508616465,-0.12502703994345082
2025-11-17,0.08443822512073121,-0.3253705359764502,0.09497284869319936,0.6986270360333219,0.26739509285904933,-0.09909415269938382,-0.560265249025861,-0.16070326500460677
2025-11-18,0.18875770728946514,-0.3013369990135369,0.07549276483076536,0.663013580245634,0.23050749813695856,-0.12245009371753521,-0.6362514407860682,-0.09773301698568315
2025-11-19,0.3301080242178082,-0.2649730021135257,-0.027665766151046246,0.7239856045019886,0.07311746633271386,0.00038350038937780967,-0.7501210170596145,-0.08483481011770219
2025-11-20,0.3689950701193695,-0.13761090473994536,0.0004978041560289095,0.7284454209815063,-0.01628502471799432,-0.1058060408749252,-0.7331844553993883,-0.10505186952465176
2025-11-21,0.5038076184775954,-0.0601932965580177,-0.03189425565824006,0.6463733654385994,-0.021931011869478052,-0.3793772421196037,-0.5895895071592453,-0.06719567055160955
2025-11-24,0.47745050473592104,-0.07076211702261606,-0.017155247126049968,0.6006885700725264,0.08528256849374526,-0.45293198034013393,-0.4957154485046048,-0.12685685030878838
2025-11-25,0.5339621017358542,-0.13550002923009727,-0.019720282566334964,0.5852455982686603,0.10628818680819722,-0.45779454801385905,-0.45566746518417317,-0.15681356181824796
2025-11-26,0.5620963965480626,-0.1993857167796571,0.06082578972116633,0.6317455025706451,0.08844909539745281,-0.5685284002361404,-0.49020947329155334,-0.08499319392997637
2025-11-27,0.5980337039252163,-0.569270801698693,0.0843045002212317,0.6217234544691755,0.08336582487145792,-0.41565577256210984,-0.34901506029979196,-0.05348584892648664
2025-11-28,0.5377765551536471,-0.6095545586803295,0.16531450583134835,0.595776105646201,0.17274917017116262,-0.4565515682462307,-0.39914800904932707,-0.006362200826471556
2025-12-01,0.4774365321556197,-0.5666392062738791,-0.012227979662227002,0.7479056238040158,0.06573679182092897,-0.32037597095998416,-0.4007861473437875,0.008950356459312914
2025-12-02,0.4501623653638318,-0.5576875873150945,-0.05237041105139568,0.7393232997222082,0.08849409648177163,-0.3198666621951944,-0.3912604231291407,0.043205322123013576
2025-12-03,0.5051682757934576,-0.6183522200090975,-0.10693485690819335,0.6735779804234774,0.055833602529693126,-0.2894947964937299,-0.35193797507440644,0.1321399897387992
2025-12-04,0.5551579699674222,-0.6386156156603151,-0.10973660496550228,0.6070710397185337,0.07991769028468775,-0.26708495608970395,-0.3476290477880493,0.12091952453292742
2025-12-05,0.6053666851364092,-0.7411985422100976,-0.08950198295319045,0.40403765548901893,0.18701104534760501,-0.20794403676799147,-0.29418186521678036,0.13641104117502734
2025-12-08,0.6082178702686509,-0.8058785129664537,0.008019096875201658,0.35435766205957403,0.175246286719094,-0.1660285285256041,-0.3072996141741676,0.13336573974370458
2025-12-09,0.5755005476887101,-0.7294691375243436,0.09777686613551964,0.6221044348485205,-0.061891483646710016,-0.26679437270196965,-0.34082442090596077,0.10359756610623341
2025-12-10,0.4555366345125756,-0.6751554283287698,0.1718130851415546,0.8272939353038433,-0.23953919359964973,-0.2090481907393252,-0.37761868707993,0.04671784478970131
2025-12-11,0.5976291387984104,-0.6530705097578929,0.07802182579275443,0.7686018905061321,-0.27993842384729284,-0.17741301579241475,-0.42100467139281966,0.0871737656931235
2025-12-12,0.5027463304570116,-0.5911975038570344,0.1059846432582481,0.8251218157133151,-0.2803225539874494,-0.11980146903160133,-0.5156602060955706,0.07312894354308122
2025-12-15,0.6029954099538211,-0.5334698706893924,0.034861635150308205,0.8599638116697805,-0.24000214496465153,-0.2767146006565233,-0.4065092648887945,-0.04112497557454839
2025-12-16,0.5392574346009065,-0.36528608947494073,-0.10857767453504313,0.9617565277904219,-0.263132419995294,-0.31181052603119536,-0.4079389287270718,-0.044268323627782824
2025-12-17,0.5944703050458363,-0.5153017475754633,0.004349016766730017,0.8695811921035563,-0.2522908320141723,-0.2812307483824463,-0.3743282629424069,-0.04524892300163377
2025-12-18,0.6450838417426438,-0.5827237742931877,0.006134577880009963,0.8532275943923041,-0.2128366640568267,-0.3101169220172137,-0.37928845823375074,-0.01948019541397905
2025-12-19,0.4964637897379652,-0.6646616532268368,0.06465147136856766,0.8473003912697055,-0.2251994967260769,-0.11581120775787543,-0.2958462684307959,-0.10689702623465361
2025-12-22,0.48684157027048464,-0.6432339231243637,0.04328690937770057,0.8437456699304151,-0.24943427864702408,0.00569799979173969,-0.4052431263613067,-0.08166082123764573
2025-12-23,0.42850712286499487,-0.575684531107306,0.13300969392619424,0.8936297147465823,-0.3080446178175318,-0.07483687161623195,-0.4174410981782755,-0.07913941281842593
2025-12-24,0.38856741671024214,-0.58964467397112,0.1058675007322746,0.8936804842319619,-0.2721048843183282,-0.016841670934927715,-0.42760703202428035,-0.08191714042582252
2025-12-25,0.40539473239678064,-0.4793262702425425,0.05951927863799795,0.9805658284135288,-0.2858258429908573,-0.10445070871186571,-0.4825190925702342,-0.09335792493280762
2025-12-26,0.42666326938165383,-0.4754066775884969,0.13883468541002722,0.8951682782173886,-0.3241709455329029,-0.07910807598337934,-0.48669678217709694,-0.09528375172719375
2025-12-29,0.6575590642731273,-0.5548408883592085,0.009666787025580083,0.9080251143856566,-0.3230736719775915,-0.16295856363595773,-0.5005386083043564,-0.033839233407250105
2025-12-30,0.5255041898914218,-0.5882983826175796,0.21219104383814522,0.9214466938639583,-0.35896258633258904,-0.1369656164038126,-0.4528115026105379,-0.12210383962900581
2025-12-31,0.47832295598765867,-0.5313653807575434,0.3241665082713569,0.885860120282989,-0.31430796541269973,-0.31216513734418383,-0.3304050331403942,-0.20010606788718321
2026-01-05,0.4479662529418985,-0.3905375264358572,-0.10039372308957606,1.030653831777307,-0.33344514839934897,-0.13987405410590356,-0.3149614026876532,-0.19940823000086627
2026-01-06,0.38547026601489665,-0.2855684350503496,-0.1930017898267235,0.8745881805460616,0.14101941224352885,-0.2727155281659989,-0.4754194700870707,-0.1743726356743443
2026-01-07,0.5674593743982524,-0.3517627608032012,-0.23944504382690862,0.8336088547298232,0.06716005658111444,-0.22012799858448076,-0.5291415846025478,-0.12775089789205168
2026-01-08,0.18571354768425222,-0.05605067212865235,-0.24551089309522528,0.9896703586466266,0.05959454387232493,-0.25296963478872597,-0.4842176558624634,-0.19622959432813647
2026-01-09,0.18117089927912863,-0.13366737812885293,-0.073998111151003,0.9174874232168806,0.049201288635378364,-0.23946635299923238,-0.49236090983874053,-0.20836685901355906
2026-01-12,0.21819001602959173,-0.2735288723184374,-0.20678875827627363,0.5484398634725872,0.4949402898666382,-0.21009286820516918,-0.48597307959881125,-0.08518659097012554
2026-01-13,0.31917133496693434,-0.14533749663394083,-0.41486623995025446,0.6106497185665899,0.35396401033211466,-0.28227279010385664,-0.4185215400258481,-0.02278699715173879
2026-01-14,0.2831500782845866,-0.3061535643998137,-0.40294045282191254,0.2575035884600943,0.4981197110077914,0.014340358040116845,-0.5395097387885586,0.19549002021769574
2026-01-15,0.2454409340640706,-0.016446192422935046,-0.2552056833956822,-0.206795237980163,0.3483848918675096,0.16398774140279856,-0.48714610868141395,0.20777965514581592
2026-01-16,0.18263891735092255,-0.22148132516909408,-0.3831528125927795,0.16697459500675282,0.34007991615920596,0.3061449891582871,-0.5927668799394542,0.20156260002615942
2026-01-19,0.06827694781840196,-0.12628560376674958,-0.43389147153008073,0.1572275290201683,0.5038095019956966,0.18241651697282532,-0.4564132260311793,0.10485980552091774
2026-01-20,0.15643289317198658,0.004375745661756688,-0.313802297184868,-0.20517421832414315,0.513624353845729,0.015196570216854645,-0.4007739539804768,0.23012090659316128
2026-01-21,-0.08311480087965448,0.2958062212788452,-0.1427575820799541,-0.15120758570715356,0.4429280531010945,0.007829621141862315,-0.3963232726402601,0.026839345785220473
2026-01-22,-0.07721847099188953,0.18468693185611712,-0.18862439084526877,-0.13038156339314091,0.555292471753053,-0.12987796771419666,-0.34047232743658307,0.12659531677190888
2026-01-23,-0.20459037932309046,0.1709271292086071,-0.22917700580468076,-0.06532388017928314,0.4311839708173336,-0.013116884782778622,-0.36930346377589773,0.27940051383979025
2026-01-26,-0.06197683231722508,-0.004669008356752456,-0.5430851105337592,0.27081552844739226,0.4721042400984592,-0.05106169889747358,-0.3642733033022674,0.2821461848616257
2026-01-27,0.1336494354705817,0.031226139011141282,-0.6606466380943393,0.2639808207218477,0.46932882186245783,-0.2229466788421364,-0.3437945620420752,0.32920266191252245
2026-01-28,0.006036521723579706,0.1659686976317042,-0.5981542829730827,0.005625532125449133,0.43257306380175875,-0.03086633238724599,-0.32715400456235616,0.34597080464019264
2026-01-29,0.08525655856549072,0.4689628050474766,-0.47344397074478967,-0.326312246199264,0.2969800296397834,-0.15812575127304493,-0.19813984674236168,0.30482242170670926
2026-01-30,0.13458417592914176,0.3179210014201231,-0.5232573826383228,-0.12400826816072166,0.29530944244280943,-0.3495115302421686,-0.22127943952747933,0.47024200077661793
2026-02-02,0.38915383685489874,0.19540007257980785,-0.5546973798521805,0.19819011441071407,0.030170226762689538,-0.55574693972959,-0.08087163394486607,0.3784017029185267
2026-02-03,0.3119350342906491,0.11721003642807468,-0.5138755136925607,0.31651766437265366,-0.37953789543505895,-0.4750594465600328,0.07046846789212144,0.5523416527041538
2026-02-04,0.19134767847417697,0.2591661014557331,-0.4296011846610836,0.04843030784635891,-0.15352797528420847,-0.5699145915778783,0.08191728486098412,0.5721823788859174
2026-02-05,0.47593311763524854,0.20893969263882822,-0.3886914368214826,0.04012203670145689,-0.3615728376327457,-0.6007832630060779,0.12872732434096243,0.4973253661438105
2026-02-06,0.4423825837051002,0.008679542323234285,-0.5032015818863865,0.45244098690080087,-0.2689696199474616,-0.5687105968415742,0.01862207544643956,0.4187566102998473
2026-02-09,0.17999899838309696,0.14885656166525463,-0.24612745092384913,0.6857157341207207,-0.48844407519716404,-0.6416970775633903,0.03042090703627561,0.33127640247905565
2026-02-10,0.16349049822676034,0.06171698567668473,-0.22834156691848878,0.7187242711650597,-0.4061870137853888,-0.6549686372513116,0.022030271192906646,0.32353519169377787
2026-02-11,0.1886761602045234,0.13109910663451932,-0.12673680106548502,0.5963639283311266,-0.47774709419776995,-0.7483985493738934,0.03219934297751028,0.40454390648946903
2026-02-12,0.20313533116691243,0.116554284525266,-0.1321238725865998,0.8733898482304865,-0.44148344370076986,-0.6940426266152037,-0.09738088062662698,0.17195135960653574
2026-02-13,0.19875172022057494,0.2583393159581551,0.12255092922972793,0.8144555372390827,-0.43215545009201345,-0.802613776996833,-0.0736121247608228,-0.08571615079787104
2026-02-24,0.15870415691983566,0.10883554000657811,-0.0337016159734479,0.9178270163504787,-0.43117600522209365,-0.6765838880934937,-0.1752096176627307,0.1313044136748736
2026-02-25,-0.008084916056678292,0.019629622448485998,0.05978478439181483,0.7157415320482954,-0.4532492830106115,-0.5773199539174995,-0.2433378127814787,0.486836026877672
2026-02-26,0.2353918829493666,-0.18659905435961172,-0.08055690564896381,0.7806139311419883,-0.36195892081363845,-0.5189281737653876,-0.40310431398786895,0.5351415544841157
2026-02-27,0.23768693742165933,-0.09339373224787481,-0.14468430648743408,0.9189149915871322,-0.4270977221510846,-0.42615289479621654,-0.4793184564395809,0.41404518311339916
2026-03-02,0.3856254538389085,-0.04059264576719557,-0.2853814599312609,0.9552084784271936,-0.34708930554564793,-0.4404785346949302,-0.5568887754525773,0.3295967891255096
2026-03-03,0.565744836823641,0.13119075671017208,-0.3037725121547154,0.7994834936242383,-0.41900483354888646,-0.590847475299006,-0.5747007062050477,0.391906440049604
2026-03-04,0.4521845357081762,0.09238032457855225,-0.2151020718371991,0.9063509365724409,-0.4608248913149433,-0.533190294321063,-0.5373146240109894,0.2955160846250256
2026-03-05,0.4227591051479532,0.08158035970396121,-0.15168511686513236,0.9737476257561422,-0.3882581309583245,-0.5688668460044364,-0.5768307232076175,0.20755372642745423
2026-03-06,0.33510163086527983,-0.05200465161727644,-0.005395390320364991,0.9958500163036732,-0.3741886715467989,-0.5227849719103068,-0.6192626049578731,0.24268464318366725
2026-03-09,0.35617908389379077,-0.0080585522927888,-0.14823444528882518,0.9909898003740616,-0.36209091218699546,-0.45950508258927447,-0.6759444908732264,0.30666459896325804
2026-03-10,0.1500847566323014,-0.024083109888440615,0.052413858894633104,0.8241853624157337,-0.27942503463253693,-0.47957157802286066,-0.7024384049681273,0.45883414956929686
2026-03-11,0.23616598421350568,-0.019368246576470623,-0.08919070074004493,0.9563990124931405,-0.3197238086250425,-0.4143631443996631,-0.6886712385249822,0.3387521421595574
2026-03-12,0.34071583315217724,-0.058702890529317917,-0.09824335244745985,0.9833530469303557,-0.29790149298708407,-0.4076052004663028,-0.6994063988645394,0.2377904552121711
2026-03-13,0.2560052086836129,-0.12790462023419075,-0.22453746398736024,0.953749344600457,-0.07276189725221452,-0.1883783975883613,-0.7365130135456996,0.14034083932375718
2026-03-16,0.30325191200107576,-0.19293265133770393,-0.05807975680310127,0.9990565242279354,-0.29556545711923804,-0.2595056193684722,-0.5888599285211435,0.09263497692064761
2026-03-17,0.47731415780052217,-0.09450463706675444,-0.206886601611656,0.9673711631657664,-0.4131935489644661,-0.4525585445490877,-0.3999421005845361,0.12240011181021146
2026-03-18,0.33677229707022593,-0.09203564802777037,-0.04975549298108615,1.0182660021392815,-0.37245797867497754,-0.5006897411080583,-0.29533841566416363,-0.044761022753451535
2026-03-19,0.4061074162429946,-0.19123610475338276,-0.0592750432448381,0.9463095405382962,-0.34941804538233506,-0.49510051729801696,-0.18856850891891472,-0.06881873718380291
2026-03-20,0.49587383343468244,-0.426752335431964,-0.08201450680832945,0.8781373018360803,-0.3376906553538394,-0.35081567003326775,-0.18672543511277892,0.009987467469416866
2026-03-23,0.7210027523654127,-0.5466334206804139,-0.3169412630967052,0.7466414678750208,-0.4147342143084686,-0.10685657941430599,-0.32737957269288,0.2449008299523406
2026-03-24,0.7398274950146285,-0.5590665006913638,-0.22959186550852795,0.7629192585926223,-0.3841433818584786,-0.18592857730773835,-0.23026129610190346,0.08624486786076171
2026-03-25,0.7527090533109874,-0.6686247682971446,-0.05878476064990363,0.6028544231879318,-0.32715773121418884,-0.17320530371175855,-0.24020222979825265,0.11241131717232937
2026-03-26,0.7820470439047367,-0.7452692850578769,0.230528268616464,0.3921496166409516,-0.5070348369656145,-0.1663062477136116,-0.11768078253466477,0.13156622310961566
2026-03-27,0.8362449604183343,-0.7831589157024816,0.17601119617280117,0.22513579829818645,-0.4383267495238034,-0.00819979752653522,-0.1434805282198089,0.13577403608330763
2026-03-30,0.6845059744003473,-0.8453725365143588,0.07876206443644837,0.1243957016564933,0.20917586168014854,-0.11205488954960338,-0.20983644423742606,0.0704242681279504
2026-03-31,0.49986651543370614,-0.6271920386422064,-0.08179123376176514,0.12339948414182664,0.5737978878074406,-0.22575092051241955,-0.21750499484116378,-0.04482469962541877
2026-04-01,0.5816170031963069,-0.6531390577401508,-0.03359508894922065,-0.005617579813798963,0.7056673675052804,-0.26446059648098,-0.26394930555686086,-0.06652274216057616
2026-04-02,0.7731486879318118,-0.7841250901824453,0.10950276207927359,-0.02007261446315072,0.5456704544745945,-0.2963635857323239,-0.26957171591047596,-0.05818889819728448
2026-04-03,1.141691418290923,-0.7180294516258896,-0.3541167725461178,0.02156010532779403,0.20002620948466002,-0.21717154412309334,-0.17369650998554054,0.09973654517726432
2026-04-07,1.111705773334688,-0.7741889650188138,-0.18227326786730058,-0.04978561209771388,-0.002013266997890265,-0.1555399833744834,-0.0791532379095094,0.1312485599310233
2026-04-08,1.023210465794515,-0.7763179200404668,-0.165488361135123,-0.14834406722089008,0.1492489889511245,-0.11495140491035155,0.0007185471463281648,0.0319237514148642
2026-04-09,1.0457049084947343,-0.8104557708278834,-0.09245778816973216,0.35623520119625596,-0.22246693654136881,-0.18381645390584436,-0.10151386887983208,0.008770708633670452
2026-04-10,0.8636391786535783,-0.8317801814322184,-0.0191384550220731,0.4768949459826675,-0.3101969900212466,-0.030158944229254733,-0.16031406634945855,0.011054512418006021
2026-04-13,0.9573191975459439,-0.8470950975567036,-0.0874743140145059,0.30125847789296467,-0.4022610268751474,-0.017361226207934975,-0.17408190499064288,0.26969589420602624
2026-04-14,0.9988375344857674,-0.7034736640520415,0.09388539374863175,0.11359056371769677,-0.5076760869770586,0.02359890581187419,-0.22409353426572418,0.20533088753085404
2026-04-15,1.0391819186558737,-0.632883404316397,0.19378284604340376,0.14566165171414694,-0.4999929989645703,-0.00767504108795438,-0.41349417558830615,0.17541920354380341
2026-04-16,0.7006387627107272,-0.6437027190796939,0.5570553305614817,0.11953156651543992,-0.4139878721451481,-0.02558834887812899,-0.4663840048321785,0.172437285147501
2026-04-17,0.5531072959611367,-0.6118124180319701,0.692028910343322,0.10296619850034577,-0.42184654945195055,-0.04805617322530613,-0.4121563927196082,0.14576912862403035
2026-04-20,0.5115880239991613,-0.6125451197935292,0.803306655893245,0.2568455080261169,-0.38455539481379386,-0.1931572634274966,-0.47313779947813805,0.09165538959443469
2026-04-21,0.5099870653131433,-0.6318158563466391,0.8006751873298855,0.2670478577984981,-0.30865500239664506,-0.30075884590191276,-0.4008268564198309,0.06434645062350126
2026-04-22,0.3647968728561079,-0.5429720059491132,0.8882635547014365,0.2364505117229688,-0.40492477601069443,-0.16190297131701373,-0.44508028977606656,0.06536910377237501
2026-04-23,0.45624676019605426,-0.5872139944577808,0.8578175502129544,0.36073216117220297,-0.4898746011778441,-0.20340457174372706,-0.3932499601347657,-0.0010533440670939948
2026-04-24,0.44167045905109326,-0.6560162159676663,0.7895446605804928,0.4709735025744232,-0.39117976564289547,-0.21659151696822673,-0.39044203385038373,-0.047959089776836994
2026-04-27,0.7744405418582148,-0.7235693387903497,0.38888931951398903,0.692736304404954,-0.4845940156180403,-0.31066563462802044,-0.2783334054358768,-0.05890377130487098
2026-04-28,0.8550726992412535,-0.3029565140437295,0.22887216728898394,0.8240044687160781,-0.5410686267625191,-0.16648176347490898,-0.273714938264913,-0.623727492700245
2026-04-29,0.8145379476942193,-0.1847730045508459,0.389666754503101,0.5463464724453388,-0.5757734505432363,0.09538616305782602,-0.4956845028974129,-0.5897063797089901
2026-04-30,0.7091284849860061,-0.09825082669468785,0.3853679157707824,0.7616631445190166,-0.49563301719555714,-0.3434646453782236,-0.4164738429687019,-0.502337213038635
