trade_id,order_id,ts,side,price,qty,level_idx
1,540288962,2026-02-27 09:30:03,SELL,0.821000,300,3
2,540289960,2026-02-27 09:30:06,SELL,0.822000,300,4
3,540289960,2026-02-27 09:30:09,SELL,0.822000,200,4
4,540289960,2026-02-27 09:30:12,SELL,0.822000,200,4
5,540290957,2026-02-27 09:30:18,SELL,0.821000,200,3
6,540291954,2026-02-27 09:30:27,SELL,0.819000,200,1
7,540298964,2026-02-27 09:30:54,BUY,0.818000,100,1
8,540301956,2026-02-27 09:31:06,SELL,0.819000,100,1
9,540304948,2026-02-27 09:31:18,SELL,0.820000,200,2
10,540305945,2026-02-27 09:31:24,SELL,0.821000,200,3
11,540306943,2026-02-27 09:31:27,SELL,0.822000,200,4
12,540307940,2026-02-27 09:31:33,BUY,0.821000,100,4
13,540308937,2026-02-27 09:31:36,SELL,0.822000,100,4
14,540317914,2026-02-27 09:32:12,BUY,0.824000,100,7
15,540318911,2026-02-27 09:32:15,BUY,0.823000,100,6
16,540320905,2026-02-27 09:32:21,BUY,0.822000,100,5
17,540328959,2026-02-27 09:32:45,BUY,0.821000,100,4
18,540329957,2026-02-27 09:32:48,SELL,0.822000,100,4
19,540331951,2026-02-27 09:32:57,SELL,0.823000,100,5
20,540334944,2026-02-27 09:33:06,SELL,0.824000,100,6
21,540334944,2026-02-27 09:33:09,BUY,0.823000,100,6
22,540338933,2026-02-27 09:33:21,BUY,0.822000,100,5
23,540346419,2026-02-27 09:33:45,BUY,0.821000,100,4
24,540349411,2026-02-27 09:33:54,SELL,0.822000,100,4
25,540349411,2026-02-27 09:33:57,BUY,0.821000,100,4
26,540351406,2026-02-27 09:34:03,SELL,0.822000,100,4
27,540353925,2026-02-27 09:34:12,BUY,0.821000,100,4
28,540354901,2026-02-27 09:34:15,SELL,0.822000,100,4
29,540377350,2026-02-27 09:35:30,SELL,0.823000,100,5
30,540379344,2026-02-27 09:35:33,BUY,0.821000,100,5
31,540379344,2026-02-27 09:35:33,BUY,0.821000,100,4
32,540388335,2026-02-27 09:36:00,SELL,0.822000,100,4
33,540389857,2026-02-27 09:36:06,BUY,0.821000,100,4
34,540391848,2026-02-27 09:36:12,SELL,0.822000,100,4
35,540391848,2026-02-27 09:36:15,BUY,0.821000,100,4
36,540396835,2026-02-27 09:36:27,SELL,0.822000,100,4
37,540397886,2026-02-27 09:36:33,BUY,0.821000,100,4
38,540404848,2026-02-27 09:36:57,BUY,0.820000,100,3
39,540419808,2026-02-27 09:37:45,SELL,0.821000,100,3
40,540422800,2026-02-27 09:37:57,BUY,0.820000,100,3
41,540495146,2026-02-27 09:42:03,BUY,0.819000,100,2
42,540525594,2026-02-27 09:43:45,SELL,0.820000,100,2
43,540527097,2026-02-27 09:43:51,BUY,0.819000,100,2
44,540547583,2026-02-27 09:44:57,BUY,0.818000,100,1
45,540548104,2026-02-27 09:45:00,SELL,0.819000,100,1
46,540549084,2026-02-27 09:45:03,BUY,0.818000,100,1
47,540566049,2026-02-27 09:46:03,BUY,0.817000,100,0
48,540607093,2026-02-27 09:47:27,SELL,0.818000,100,0
49,540607093,2026-02-27 09:47:30,BUY,0.817000,100,0
50,540630201,2026-02-27 09:48:15,SELL,0.818000,100,0
51,540631199,2026-02-27 09:48:18,BUY,0.817000,100,0
52,540641677,2026-02-27 09:48:42,SELL,0.818000,100,0
53,540642675,2026-02-27 09:48:45,BUY,0.817000,100,0
54,540646663,2026-02-27 09:48:54,SELL,0.818000,100,0
55,540707735,2026-02-27 09:51:30,SELL,0.819000,100,1
56,540712238,2026-02-27 09:51:45,SELL,0.820000,100,2
57,540712238,2026-02-27 09:51:48,BUY,0.819000,100,2
58,540716219,2026-02-27 09:52:00,SELL,0.820000,100,2
59,540717216,2026-02-27 09:52:06,BUY,0.819000,100,2
60,540722203,2026-02-27 09:52:21,SELL,0.820000,100,2
61,540736176,2026-02-27 09:53:06,BUY,0.819000,100,2
62,540740669,2026-02-27 09:53:21,SELL,0.820000,100,2
63,540740669,2026-02-27 09:53:24,BUY,0.819000,100,2
64,540744659,2026-02-27 09:53:36,SELL,0.820000,100,2
65,540745656,2026-02-27 09:53:39,BUY,0.819000,100,2
66,540749645,2026-02-27 09:53:51,SELL,0.820000,100,2
67,540749645,2026-02-27 09:53:54,BUY,0.819000,100,2
68,540806668,2026-02-27 09:56:51,BUY,0.818000,100,1
69,540810657,2026-02-27 09:57:00,SELL,0.819000,100,1
70,540847068,2026-02-27 09:58:51,SELL,0.820000,100,2
71,540847601,2026-02-27 09:58:54,BUY,0.819000,100,2
72,540848120,2026-02-27 09:58:57,SELL,0.820000,100,2
73,540849102,2026-02-27 09:59:00,BUY,0.819000,100,2
74,540882519,2026-02-27 10:00:39,BUY,0.818000,100,1
75,540884513,2026-02-27 10:00:42,SELL,0.819000,100,1
76,540884513,2026-02-27 10:00:45,BUY,0.818000,100,1
77,540903014,2026-02-27 10:01:42,SELL,0.819000,100,1
78,540904011,2026-02-27 10:01:45,BUY,0.818000,100,1
79,540914982,2026-02-27 10:02:15,SELL,0.819000,100,1
80,540914982,2026-02-27 10:02:18,BUY,0.818000,100,1
81,540932462,2026-02-27 10:03:06,SELL,0.819000,100,1
82,540933459,2026-02-27 10:03:09,BUY,0.818000,100,1
83,540934456,2026-02-27 10:03:12,SELL,0.819000,100,1
84,540934456,2026-02-27 10:03:15,BUY,0.818000,100,1
85,540937516,2026-02-27 10:03:21,SELL,0.819000,100,1
86,540937516,2026-02-27 10:03:24,BUY,0.818000,100,1
87,540959466,2026-02-27 10:04:30,SELL,0.819000,100,1
88,540959466,2026-02-27 10:04:33,BUY,0.818000,100,1
89,540962964,2026-02-27 10:04:42,SELL,0.819000,100,1
90,540963961,2026-02-27 10:04:45,BUY,0.818000,100,1
91,540964958,2026-02-27 10:04:48,SELL,0.819000,100,1
92,540964958,2026-02-27 10:04:51,BUY,0.818000,100,1
93,540966953,2026-02-27 10:04:57,SELL,0.819000,100,1
94,540967983,2026-02-27 10:05:00,BUY,0.818000,100,1
95,540969991,2026-02-27 10:05:06,SELL,0.819000,100,1
96,540969991,2026-02-27 10:05:09,BUY,0.818000,100,1
97,540973981,2026-02-27 10:05:21,SELL,0.819000,100,1
98,540974978,2026-02-27 10:05:24,BUY,0.818000,100,1
99,540994971,2026-02-27 10:06:18,SELL,0.819000,100,1
100,540994971,2026-02-27 10:06:21,BUY,0.818000,100,1
101,541011961,2026-02-27 10:07:12,SELL,0.819000,100,1
102,541011961,2026-02-27 10:07:15,BUY,0.818000,100,1
103,541023473,2026-02-27 10:07:48,SELL,0.819000,100,1
104,541023473,2026-02-27 10:07:51,BUY,0.818000,100,1
105,541033985,2026-02-27 10:08:21,SELL,0.819000,100,1
106,541034983,2026-02-27 10:08:24,BUY,0.818000,100,1
107,541043959,2026-02-27 10:08:54,SELL,0.819000,100,1
108,541044990,2026-02-27 10:08:57,BUY,0.818000,100,1
109,541046029,2026-02-27 10:09:00,SELL,0.819000,100,1
110,541047000,2026-02-27 10:09:03,BUY,0.818000,100,1
111,541054010,2026-02-27 10:09:27,SELL,0.819000,100,1
112,541054010,2026-02-27 10:09:30,BUY,0.818000,100,1
113,541054989,2026-02-27 10:09:33,SELL,0.819000,100,1
114,541055986,2026-02-27 10:09:36,BUY,0.818000,100,1
115,541085463,2026-02-27 10:11:06,BUY,0.817000,100,0
116,541092014,2026-02-27 10:11:24,SELL,0.818000,100,0
117,541093524,2026-02-27 10:11:30,BUY,0.817000,100,0
118,541097508,2026-02-27 10:11:42,SELL,0.818000,100,0
119,541097508,2026-02-27 10:11:45,BUY,0.817000,100,0
120,541129028,2026-02-27 10:13:18,SELL,0.818000,100,0
121,541129028,2026-02-27 10:13:21,BUY,0.817000,100,0
122,541131022,2026-02-27 10:13:27,SELL,0.818000,100,0
123,541132020,2026-02-27 10:13:30,BUY,0.817000,100,0
124,541135012,2026-02-27 10:13:39,SELL,0.818000,100,0
125,541135012,2026-02-27 10:13:42,BUY,0.817000,100,0
126,541147505,2026-02-27 10:14:18,SELL,0.818000,100,0
127,541152995,2026-02-27 10:14:39,SELL,0.819000,100,1
128,541153993,2026-02-27 10:14:42,BUY,0.818000,100,1
129,541162969,2026-02-27 10:15:12,SELL,0.819000,100,1
130,541163966,2026-02-27 10:15:15,BUY,0.818000,100,1
131,541199461,2026-02-27 10:17:09,SELL,0.819000,100,1
132,541200459,2026-02-27 10:17:12,BUY,0.818000,100,1
133,541294160,2026-02-27 10:21:51,BUY,0.817000,100,0
134,541306162,2026-02-27 10:22:27,SELL,0.818000,100,0
135,541306162,2026-02-27 10:22:30,BUY,0.817000,100,0
136,541329643,2026-02-27 10:23:45,SELL,0.818000,100,0
137,541330640,2026-02-27 10:23:48,BUY,0.817000,100,0
138,541342632,2026-02-27 10:24:27,SELL,0.818000,100,0
139,541343629,2026-02-27 10:24:33,BUY,0.817000,100,0
140,541345623,2026-02-27 10:24:36,SELL,0.818000,100,0
141,541345623,2026-02-27 10:24:39,BUY,0.817000,100,0
142,541348615,2026-02-27 10:24:48,SELL,0.818000,100,0
143,541348615,2026-02-27 10:24:51,BUY,0.817000,100,0
144,541353602,2026-02-27 10:25:06,SELL,0.818000,100,0
145,541353602,2026-02-27 10:25:09,BUY,0.817000,100,0
146,541356594,2026-02-27 10:25:18,SELL,0.818000,100,0
147,541358589,2026-02-27 10:25:24,SELL,0.819000,100,1
148,541358589,2026-02-27 10:25:27,BUY,0.818000,100,1
149,541368071,2026-02-27 10:25:54,SELL,0.819000,100,1
150,541368071,2026-02-27 10:25:57,BUY,0.818000,100,1
151,541374055,2026-02-27 10:26:12,SELL,0.819000,100,1
152,541374055,2026-02-27 10:26:15,BUY,0.818000,100,1
153,541387574,2026-02-27 10:26:54,BUY,0.817000,100,0
154,541392068,2026-02-27 10:27:06,SELL,0.818000,100,0
155,541406068,2026-02-27 10:27:54,SELL,0.819000,100,1
156,541406068,2026-02-27 10:27:57,BUY,0.818000,100,1
157,541447102,2026-02-27 10:29:57,SELL,0.819000,100,1
158,541447102,2026-02-27 10:30:00,BUY,0.818000,100,1
159,541467626,2026-02-27 10:31:03,SELL,0.819000,100,1
160,541468623,2026-02-27 10:31:06,BUY,0.818000,100,1
161,541485085,2026-02-27 10:32:00,SELL,0.819000,100,1
162,541497096,2026-02-27 10:32:39,SELL,0.820000,100,2
163,541497620,2026-02-27 10:32:42,BUY,0.819000,100,2
164,541504108,2026-02-27 10:33:03,SELL,0.820000,100,2
165,541504108,2026-02-27 10:33:06,BUY,0.819000,100,2
166,541522652,2026-02-27 10:33:57,BUY,0.818000,100,1
167,541548117,2026-02-27 10:35:12,SELL,0.819000,100,1
168,541548117,2026-02-27 10:35:15,BUY,0.818000,100,1
169,541575071,2026-02-27 10:36:36,SELL,0.819000,100,1
170,541575603,2026-02-27 10:36:39,BUY,0.818000,100,1
171,541607059,2026-02-27 10:38:15,SELL,0.819000,100,1
172,541608056,2026-02-27 10:38:18,BUY,0.818000,100,1
173,541666633,2026-02-27 10:41:12,SELL,0.819000,100,1
174,541666633,2026-02-27 10:41:15,BUY,0.818000,100,1
175,541671620,2026-02-27 10:41:30,SELL,0.819000,100,1
176,541671620,2026-02-27 10:41:33,BUY,0.818000,100,1
177,541690077,2026-02-27 10:42:27,SELL,0.819000,100,1
178,541690077,2026-02-27 10:42:30,BUY,0.818000,100,1
179,541702078,2026-02-27 10:43:06,SELL,0.819000,100,1
180,541702078,2026-02-27 10:43:09,BUY,0.818000,100,1
181,541714046,2026-02-27 10:43:45,SELL,0.819000,100,1
182,541715043,2026-02-27 10:43:48,BUY,0.818000,100,1
183,541796946,2026-02-27 10:48:06,SELL,0.819000,100,1
184,541797453,2026-02-27 10:48:09,BUY,0.818000,100,1
185,541804982,2026-02-27 10:48:36,SELL,0.819000,100,1
186,541805979,2026-02-27 10:48:39,BUY,0.818000,100,1
187,541834506,2026-02-27 10:50:06,SELL,0.819000,100,1
188,541835503,2026-02-27 10:50:09,BUY,0.818000,100,1
189,541838001,2026-02-27 10:50:18,SELL,0.819000,100,1
190,541838001,2026-02-27 10:50:21,BUY,0.818000,100,1
191,541839996,2026-02-27 10:50:27,SELL,0.819000,100,1
192,541840993,2026-02-27 10:50:30,BUY,0.818000,100,1
193,541842989,2026-02-27 10:50:36,SELL,0.819000,100,1
194,541842989,2026-02-27 10:50:39,BUY,0.818000,100,1
195,541855964,2026-02-27 10:51:15,BUY,0.817000,100,0
196,541865938,2026-02-27 10:51:45,SELL,0.818000,100,0
197,541866935,2026-02-27 10:51:48,BUY,0.817000,100,0
198,541882507,2026-02-27 10:52:36,SELL,0.818000,100,0
199,541882507,2026-02-27 10:52:39,BUY,0.817000,100,0
200,541900471,2026-02-27 10:53:33,SELL,0.818000,100,0
201,541900471,2026-02-27 10:53:36,BUY,0.817000,100,0
202,541902466,2026-02-27 10:53:42,SELL,0.818000,100,0
203,541903463,2026-02-27 10:53:45,BUY,0.817000,100,0
204,541930968,2026-02-27 10:55:03,SELL,0.818000,100,0
205,541930968,2026-02-27 10:55:06,BUY,0.817000,100,0
206,541932962,2026-02-27 10:55:12,SELL,0.818000,100,0
207,541932962,2026-02-27 10:55:15,BUY,0.817000,100,0
208,541950946,2026-02-27 10:56:09,SELL,0.818000,100,0
209,541950946,2026-02-27 10:56:12,BUY,0.817000,100,0
210,541956930,2026-02-27 10:56:30,SELL,0.818000,100,0
211,541956930,2026-02-27 10:56:33,BUY,0.817000,100,0
212,541980896,2026-02-27 10:57:45,SELL,0.818000,100,0
213,541980896,2026-02-27 10:57:48,BUY,0.817000,100,0
214,541984886,2026-02-27 10:57:57,SELL,0.818000,100,0
215,541984886,2026-02-27 10:58:00,BUY,0.817000,100,0
216,541998879,2026-02-27 10:58:39,SELL,0.818000,100,0
217,541998879,2026-02-27 10:58:42,BUY,0.817000,100,0
218,542022394,2026-02-27 10:59:51,SELL,0.818000,100,0
219,542022394,2026-02-27 10:59:54,BUY,0.817000,100,0
220,542024389,2026-02-27 11:00:00,SELL,0.818000,100,0
221,542024389,2026-02-27 11:00:03,BUY,0.817000,100,0
222,542030373,2026-02-27 11:00:18,SELL,0.818000,100,0
223,542030373,2026-02-27 11:00:21,BUY,0.817000,100,0
224,542037859,2026-02-27 11:00:42,SELL,0.818000,100,0
225,542038857,2026-02-27 11:00:45,BUY,0.817000,100,0
226,542043844,2026-02-27 11:01:00,SELL,0.818000,100,0
227,542045838,2026-02-27 11:01:06,BUY,0.817000,100,0
228,542061903,2026-02-27 11:01:54,SELL,0.818000,100,0
229,542061903,2026-02-27 11:01:57,BUY,0.817000,100,0
230,542066418,2026-02-27 11:02:09,SELL,0.818000,100,0
231,542067416,2026-02-27 11:02:12,BUY,0.817000,100,0
232,542080381,2026-02-27 11:02:54,SELL,0.818000,100,0
233,542081378,2026-02-27 11:02:57,BUY,0.817000,100,0
234,542082422,2026-02-27 11:03:00,SELL,0.818000,100,0
235,542082947,2026-02-27 11:03:03,BUY,0.817000,100,0
236,542084920,2026-02-27 11:03:09,SELL,0.818000,100,0
237,542084920,2026-02-27 11:03:12,BUY,0.817000,100,0
238,542107924,2026-02-27 11:04:24,SELL,0.818000,100,0
239,542108921,2026-02-27 11:04:27,BUY,0.817000,100,0
240,542151408,2026-02-27 11:06:27,SELL,0.818000,100,0
241,542151408,2026-02-27 11:06:30,BUY,0.817000,100,0
242,542161885,2026-02-27 11:07:00,SELL,0.818000,100,0
243,542162882,2026-02-27 11:07:03,BUY,0.817000,100,0
244,542171391,2026-02-27 11:07:30,SELL,0.818000,100,0
245,542171899,2026-02-27 11:07:33,BUY,0.817000,100,0
246,542203878,2026-02-27 11:09:06,SELL,0.818000,100,0
247,542204875,2026-02-27 11:09:09,BUY,0.817000,100,0
248,542218361,2026-02-27 11:09:48,SELL,0.818000,100,0
249,542218361,2026-02-27 11:09:51,BUY,0.817000,100,0
250,542222855,2026-02-27 11:10:03,SELL,0.818000,100,0
251,542223852,2026-02-27 11:10:09,BUY,0.817000,100,0
252,542244844,2026-02-27 11:11:12,SELL,0.818000,100,0
253,542244844,2026-02-27 11:11:15,BUY,0.817000,100,0
254,542247890,2026-02-27 11:11:24,SELL,0.818000,100,0
255,542248866,2026-02-27 11:11:27,BUY,0.817000,100,0
256,542250861,2026-02-27 11:11:33,SELL,0.818000,100,0
257,542251858,2026-02-27 11:11:36,BUY,0.817000,100,0
258,542278786,2026-02-27 11:13:00,SELL,0.818000,100,0
259,542279784,2026-02-27 11:13:03,BUY,0.817000,100,0
260,542308244,2026-02-27 11:14:27,SELL,0.818000,100,0
261,542308244,2026-02-27 11:14:30,BUY,0.817000,100,0
262,542310239,2026-02-27 11:14:33,SELL,0.818000,100,0
263,542310239,2026-02-27 11:14:36,BUY,0.817000,100,0
264,542315226,2026-02-27 11:14:51,SELL,0.818000,100,0
265,542316223,2026-02-27 11:14:54,BUY,0.817000,100,0
266,542317221,2026-02-27 11:14:57,SELL,0.818000,100,0
267,542317221,2026-02-27 11:15:00,BUY,0.817000,100,0
268,542320212,2026-02-27 11:15:09,SELL,0.818000,100,0
269,542322207,2026-02-27 11:15:18,BUY,0.817000,100,0
270,542325199,2026-02-27 11:15:24,SELL,0.818000,100,0
271,542325199,2026-02-27 11:15:27,BUY,0.817000,100,0
272,542333178,2026-02-27 11:15:48,SELL,0.818000,100,0
273,542333178,2026-02-27 11:15:51,BUY,0.817000,100,0
274,542340663,2026-02-27 11:16:15,SELL,0.818000,100,0
275,542341661,2026-02-27 11:16:18,BUY,0.817000,100,0
276,542360118,2026-02-27 11:17:09,SELL,0.818000,100,0
277,542360118,2026-02-27 11:17:12,BUY,0.817000,100,0
278,542370090,2026-02-27 11:17:42,SELL,0.818000,100,0
279,542372085,2026-02-27 11:17:48,BUY,0.817000,100,0
280,542381096,2026-02-27 11:18:15,SELL,0.818000,100,0
281,542381096,2026-02-27 11:18:18,BUY,0.817000,100,0
282,542390072,2026-02-27 11:18:45,SELL,0.818000,100,0
283,542390072,2026-02-27 11:18:48,BUY,0.817000,100,0
284,542401546,2026-02-27 11:19:24,SELL,0.818000,100,0
285,542403541,2026-02-27 11:19:30,BUY,0.817000,100,0
286,542425580,2026-02-27 11:20:33,SELL,0.818000,100,0
287,542426577,2026-02-27 11:20:36,BUY,0.817000,100,0
288,542431071,2026-02-27 11:20:48,SELL,0.818000,100,0
289,542431071,2026-02-27 11:20:51,BUY,0.817000,100,0
290,542435060,2026-02-27 11:21:00,SELL,0.818000,100,0
291,542435060,2026-02-27 11:21:03,BUY,0.817000,100,0
292,542444036,2026-02-27 11:21:30,SELL,0.818000,100,0
293,542444036,2026-02-27 11:21:33,BUY,0.817000,100,0
294,542488515,2026-02-27 11:23:57,SELL,0.818000,100,0
295,542489022,2026-02-27 11:24:00,BUY,0.817000,100,0
296,542496998,2026-02-27 11:24:24,SELL,0.818000,100,0
297,542497522,2026-02-27 11:24:27,BUY,0.817000,100,0
298,542504010,2026-02-27 11:24:48,SELL,0.818000,100,0
299,542504010,2026-02-27 11:24:51,BUY,0.817000,100,0
300,542526456,2026-02-27 11:26:00,SELL,0.818000,100,0
301,542527453,2026-02-27 11:26:03,BUY,0.817000,100,0
302,542537439,2026-02-27 11:26:36,SELL,0.818000,100,0
303,542541932,2026-02-27 11:26:51,BUY,0.817000,100,0
304,542547445,2026-02-27 11:27:06,SELL,0.818000,100,0
305,542547445,2026-02-27 11:27:09,BUY,0.817000,100,0
306,542567895,2026-02-27 11:28:15,SELL,0.818000,100,0
307,542567895,2026-02-27 11:28:18,BUY,0.817000,100,0
308,542569889,2026-02-27 11:28:21,SELL,0.818000,100,0
309,542569889,2026-02-27 11:28:24,BUY,0.817000,100,0
310,542570886,2026-02-27 11:28:27,SELL,0.818000,100,0
311,542571884,2026-02-27 11:28:30,BUY,0.817000,100,0
312,542594361,2026-02-27 11:29:39,SELL,0.818000,100,0
313,542596356,2026-02-27 11:29:48,BUY,0.817000,100,0
314,542597353,2026-02-27 11:29:51,SELL,0.818000,100,0
315,542607831,2026-02-27 13:00:24,SELL,0.819000,100,1
316,542607831,2026-02-27 13:00:27,BUY,0.818000,100,1
317,542610823,2026-02-27 13:00:33,SELL,0.819000,100,1
318,542612818,2026-02-27 13:00:42,SELL,0.820000,100,2
319,542613815,2026-02-27 13:00:45,BUY,0.819000,100,2
320,542619799,2026-02-27 13:01:06,BUY,0.818000,100,1
321,542620796,2026-02-27 13:01:09,SELL,0.819000,100,1
322,542621793,2026-02-27 13:01:12,BUY,0.818000,100,1
323,542622791,2026-02-27 13:01:15,SELL,0.819000,100,1
324,542622791,2026-02-27 13:01:18,BUY,0.818000,100,1
325,542627300,2026-02-27 13:01:30,SELL,0.819000,100,1
326,542628297,2026-02-27 13:01:36,BUY,0.818000,100,1
327,542632286,2026-02-27 13:01:48,SELL,0.819000,100,1
328,542638270,2026-02-27 13:02:06,SELL,0.820000,100,2
329,542640769,2026-02-27 13:02:15,BUY,0.819000,100,2
330,542642764,2026-02-27 13:02:21,SELL,0.820000,100,2
331,542642764,2026-02-27 13:02:24,BUY,0.819000,100,2
332,542656842,2026-02-27 13:03:06,SELL,0.820000,100,2
333,542656842,2026-02-27 13:03:09,BUY,0.819000,100,2
334,542672322,2026-02-27 13:03:57,SELL,0.820000,100,2
335,542679303,2026-02-27 13:04:21,SELL,0.821000,100,3
336,542683302,2026-02-27 13:04:36,BUY,0.820000,100,3
337,542688293,2026-02-27 13:04:51,SELL,0.821000,100,3
338,542689794,2026-02-27 13:04:57,BUY,0.820000,100,3
339,542691788,2026-02-27 13:05:03,SELL,0.821000,100,3
340,542693302,2026-02-27 13:05:09,BUY,0.820000,100,3
341,542696284,2026-02-27 13:05:18,SELL,0.821000,100,3
342,542697281,2026-02-27 13:05:21,BUY,0.820000,100,3
343,542698279,2026-02-27 13:05:24,SELL,0.821000,100,3
344,542698279,2026-02-27 13:05:27,BUY,0.820000,100,3
345,542700273,2026-02-27 13:05:33,SELL,0.821000,100,3
346,542701270,2026-02-27 13:05:36,BUY,0.820000,100,3
347,542715233,2026-02-27 13:06:18,BUY,0.819000,100,2
348,542731200,2026-02-27 13:07:09,SELL,0.820000,100,2
349,542732197,2026-02-27 13:07:12,BUY,0.819000,100,2
350,542808056,2026-02-27 13:11:15,BUY,0.818000,100,1
351,542818027,2026-02-27 13:11:45,SELL,0.819000,100,1
352,542818027,2026-02-27 13:11:48,BUY,0.818000,100,1
353,542853029,2026-02-27 13:13:36,SELL,0.819000,100,1
354,542853029,2026-02-27 13:13:39,BUY,0.818000,100,1
355,542872976,2026-02-27 13:14:39,SELL,0.819000,100,1
356,542873973,2026-02-27 13:14:42,BUY,0.818000,100,1
357,542879957,2026-02-27 13:15:00,SELL,0.819000,100,1
358,542880955,2026-02-27 13:15:06,BUY,0.818000,100,1
359,542884944,2026-02-27 13:15:18,SELL,0.819000,100,1
360,542884944,2026-02-27 13:15:21,BUY,0.818000,100,1
361,542889930,2026-02-27 13:15:36,SELL,0.819000,100,1
362,542889930,2026-02-27 13:15:39,BUY,0.818000,100,1
363,542903912,2026-02-27 13:16:21,SELL,0.819000,100,1
364,542903912,2026-02-27 13:16:24,BUY,0.818000,100,1
365,542911887,2026-02-27 13:16:48,SELL,0.819000,100,1
366,542919876,2026-02-27 13:17:15,SELL,0.820000,100,2
367,542919876,2026-02-27 13:17:18,BUY,0.819000,100,2
368,542932870,2026-02-27 13:17:54,BUY,0.818000,100,1
369,542943854,2026-02-27 13:18:27,SELL,0.819000,100,1
370,542965823,2026-02-27 13:19:39,BUY,0.818000,100,1
371,542990768,2026-02-27 13:21:00,SELL,0.819000,100,1
372,542990768,2026-02-27 13:21:03,BUY,0.818000,100,1
373,543005237,2026-02-27 13:21:45,SELL,0.819000,100,1
374,543005237,2026-02-27 13:21:48,BUY,0.818000,100,1
375,543008733,2026-02-27 13:21:57,SELL,0.819000,100,1
376,543010728,2026-02-27 13:22:03,BUY,0.818000,100,1
377,543020209,2026-02-27 13:22:36,SELL,0.819000,100,1
378,543021207,2026-02-27 13:22:39,BUY,0.818000,100,1
379,543025196,2026-02-27 13:22:51,SELL,0.819000,100,1
380,543025196,2026-02-27 13:22:54,BUY,0.818000,100,1
381,543027191,2026-02-27 13:22:57,SELL,0.819000,100,1
382,543027191,2026-02-27 13:23:00,BUY,0.818000,100,1
383,543037164,2026-02-27 13:23:33,SELL,0.819000,100,1
384,543038162,2026-02-27 13:23:36,BUY,0.818000,100,1
385,543042656,2026-02-27 13:23:51,SELL,0.819000,100,1
386,543043654,2026-02-27 13:23:54,BUY,0.818000,100,1
387,543066158,2026-02-27 13:25:03,SELL,0.819000,100,1
388,543066158,2026-02-27 13:25:06,BUY,0.818000,100,1
389,543094602,2026-02-27 13:26:33,SELL,0.819000,100,1
390,543094602,2026-02-27 13:26:36,BUY,0.818000,100,1
391,543105654,2026-02-27 13:27:12,SELL,0.819000,100,1
392,543105654,2026-02-27 13:27:15,BUY,0.818000,100,1
393,543107623,2026-02-27 13:27:18,SELL,0.819000,100,1
394,543107623,2026-02-27 13:27:21,BUY,0.818000,100,1
395,543117613,2026-02-27 13:27:51,SELL,0.819000,100,1
396,543117613,2026-02-27 13:27:54,BUY,0.818000,100,1
397,543128091,2026-02-27 13:28:24,SELL,0.819000,100,1
398,543129089,2026-02-27 13:28:27,BUY,0.818000,100,1
399,543167035,2026-02-27 13:30:18,SELL,0.819000,100,1
400,543167035,2026-02-27 13:30:21,BUY,0.818000,100,1
401,543185055,2026-02-27 13:31:09,SELL,0.819000,100,1
402,543186053,2026-02-27 13:31:12,BUY,0.818000,100,1
403,543190042,2026-02-27 13:31:24,SELL,0.819000,100,1
404,543191039,2026-02-27 13:31:27,BUY,0.818000,100,1
405,543206014,2026-02-27 13:32:12,SELL,0.819000,100,1
406,543206014,2026-02-27 13:32:15,BUY,0.818000,100,1
407,543207011,2026-02-27 13:32:18,SELL,0.819000,100,1
408,543208009,2026-02-27 13:32:21,BUY,0.818000,100,1
409,543232990,2026-02-27 13:33:33,SELL,0.819000,100,1
410,543233987,2026-02-27 13:33:36,BUY,0.818000,100,1
411,543237977,2026-02-27 13:33:51,SELL,0.819000,100,1
412,543244958,2026-02-27 13:34:12,SELL,0.820000,100,2
413,543263959,2026-02-27 13:35:06,BUY,0.819000,100,2
414,543286431,2026-02-27 13:36:15,SELL,0.820000,100,2
415,543298414,2026-02-27 13:36:54,BUY,0.819000,100,2
416,543299411,2026-02-27 13:36:57,SELL,0.820000,100,2
417,543300408,2026-02-27 13:37:00,BUY,0.819000,100,2
418,543304902,2026-02-27 13:37:12,SELL,0.820000,100,2
419,543331873,2026-02-27 13:38:33,BUY,0.819000,100,2
420,543348876,2026-02-27 13:39:27,SELL,0.820000,100,2
421,543349873,2026-02-27 13:39:30,BUY,0.819000,100,2
422,543364343,2026-02-27 13:40:15,SELL,0.820000,100,2
423,543364343,2026-02-27 13:40:18,BUY,0.819000,100,2
424,543386281,2026-02-27 13:41:27,SELL,0.820000,100,2
425,543387278,2026-02-27 13:41:30,BUY,0.819000,100,2
426,543397265,2026-02-27 13:42:03,SELL,0.820000,100,2
427,543398262,2026-02-27 13:42:06,BUY,0.819000,100,2
428,543408235,2026-02-27 13:42:39,SELL,0.820000,100,2
429,543408235,2026-02-27 13:42:42,BUY,0.819000,100,2
430,543430176,2026-02-27 13:43:45,SELL,0.820000,100,2
431,543461682,2026-02-27 13:45:21,SELL,0.821000,100,3
432,543462744,2026-02-27 13:45:24,BUY,0.820000,100,3
433,543489748,2026-02-27 13:46:48,SELL,0.821000,100,3
434,543490745,2026-02-27 13:46:51,BUY,0.820000,100,3
435,543492741,2026-02-27 13:46:57,SELL,0.821000,100,3
436,543493738,2026-02-27 13:47:00,BUY,0.820000,100,3
437,543499721,2026-02-27 13:47:18,SELL,0.821000,100,3
438,543499721,2026-02-27 13:47:21,BUY,0.820000,100,3
439,543504237,2026-02-27 13:47:33,SELL,0.821000,100,3
440,543504761,2026-02-27 13:47:36,BUY,0.820000,100,3
441,543505794,2026-02-27 13:47:39,SELL,0.821000,100,3
442,543506301,2026-02-27 13:47:42,BUY,0.820000,100,3
443,543508292,2026-02-27 13:47:48,SELL,0.821000,100,3
444,543508292,2026-02-27 13:47:51,BUY,0.820000,100,3
445,543511285,2026-02-27 13:47:57,SELL,0.821000,100,3
446,543512282,2026-02-27 13:48:00,BUY,0.820000,100,3
447,543515274,2026-02-27 13:48:09,SELL,0.821000,100,3
448,543516271,2026-02-27 13:48:12,SELL,0.822000,100,4
449,543517274,2026-02-27 13:48:15,BUY,0.821000,100,4
450,543519278,2026-02-27 13:48:21,SELL,0.822000,100,4
451,543519278,2026-02-27 13:48:24,BUY,0.821000,100,4
452,543522255,2026-02-27 13:48:33,BUY,0.820000,100,3
453,543523252,2026-02-27 13:48:36,SELL,0.821000,100,3
454,543524250,2026-02-27 13:48:39,BUY,0.820000,100,3
455,543525247,2026-02-27 13:48:42,SELL,0.821000,100,3
456,543527242,2026-02-27 13:48:48,BUY,0.820000,100,3
457,543529236,2026-02-27 13:48:51,SELL,0.821000,100,3
458,543529236,2026-02-27 13:48:54,BUY,0.820000,100,3
459,543546694,2026-02-27 13:49:45,SELL,0.821000,100,3
460,543546694,2026-02-27 13:49:48,BUY,0.820000,100,3
461,543547692,2026-02-27 13:49:51,SELL,0.821000,100,3
462,543555178,2026-02-27 13:50:15,SELL,0.822000,100,4
463,543555178,2026-02-27 13:50:18,BUY,0.821000,100,4
464,543556175,2026-02-27 13:50:21,SELL,0.822000,100,4
465,543557173,2026-02-27 13:50:24,BUY,0.821000,100,4
466,543559168,2026-02-27 13:50:30,SELL,0.822000,100,4
467,543565151,2026-02-27 13:50:48,BUY,0.821000,100,4
468,543566149,2026-02-27 13:50:51,SELL,0.822000,100,4
469,543570138,2026-02-27 13:51:09,SELL,0.823000,100,5
470,543574127,2026-02-27 13:51:21,BUY,0.822000,100,5
471,543575125,2026-02-27 13:51:24,SELL,0.823000,100,5
472,543576123,2026-02-27 13:51:27,BUY,0.822000,100,5
473,543578622,2026-02-27 13:51:33,SELL,0.823000,100,5
474,543578622,2026-02-27 13:51:36,BUY,0.822000,100,5
475,543584606,2026-02-27 13:51:54,SELL,0.823000,100,5
476,543584606,2026-02-27 13:51:57,BUY,0.822000,100,5
477,543586601,2026-02-27 13:52:00,BUY,0.821000,100,4
478,543589100,2026-02-27 13:52:06,BUY,0.820000,100,3
479,543590098,2026-02-27 13:52:09,SELL,0.821000,100,3
480,543597586,2026-02-27 13:52:30,BUY,0.820000,100,3
481,543601575,2026-02-27 13:52:39,SELL,0.821000,100,3
482,543601575,2026-02-27 13:52:42,BUY,0.820000,100,3
483,543604628,2026-02-27 13:52:48,SELL,0.821000,100,3
484,543605669,2026-02-27 13:52:51,BUY,0.820000,100,3
485,543606662,2026-02-27 13:52:54,SELL,0.821000,100,3
486,543606662,2026-02-27 13:52:57,BUY,0.820000,100,3
487,543615146,2026-02-27 13:53:18,SELL,0.821000,100,3
488,543622127,2026-02-27 13:53:42,SELL,0.822000,100,4
489,543623125,2026-02-27 13:53:45,BUY,0.821000,100,4
490,543633605,2026-02-27 13:54:12,SELL,0.822000,100,4
491,543634602,2026-02-27 13:54:15,BUY,0.821000,100,4
492,543635599,2026-02-27 13:54:18,SELL,0.822000,100,4
493,543635599,2026-02-27 13:54:21,BUY,0.821000,100,4
494,543654093,2026-02-27 13:55:09,SELL,0.822000,100,4
495,543655090,2026-02-27 13:55:12,BUY,0.821000,100,4
496,543659079,2026-02-27 13:55:24,BUY,0.820000,100,3
497,543668563,2026-02-27 13:55:48,SELL,0.821000,100,3
498,543669560,2026-02-27 13:55:51,BUY,0.820000,100,3
499,543679534,2026-02-27 13:56:18,SELL,0.821000,100,3
500,543702503,2026-02-27 13:57:21,SELL,0.822000,100,4
501,543702503,2026-02-27 13:57:24,BUY,0.821000,100,4
502,543759900,2026-02-27 14:00:00,SELL,0.822000,100,4
503,543759900,2026-02-27 14:00:03,BUY,0.821000,100,4
504,543781871,2026-02-27 14:01:00,SELL,0.822000,100,4
505,543781871,2026-02-27 14:01:03,BUY,0.821000,100,4
506,543798840,2026-02-27 14:01:48,BUY,0.820000,100,3
507,543820794,2026-02-27 14:02:51,SELL,0.821000,100,3
508,543821791,2026-02-27 14:02:54,BUY,0.820000,100,3
509,543825313,2026-02-27 14:03:03,SELL,0.821000,100,3
510,543826286,2026-02-27 14:03:06,BUY,0.820000,100,3
511,543873173,2026-02-27 14:05:09,SELL,0.821000,100,3
512,543873173,2026-02-27 14:05:12,BUY,0.820000,100,3
513,543887148,2026-02-27 14:05:51,BUY,0.819000,100,2
514,543890644,2026-02-27 14:06:00,SELL,0.820000,100,2
515,543891641,2026-02-27 14:06:03,BUY,0.819000,100,2
516,543895139,2026-02-27 14:06:12,SELL,0.820000,100,2
517,543927184,2026-02-27 14:07:42,SELL,0.821000,100,3
518,543928181,2026-02-27 14:07:45,BUY,0.820000,100,3
519,543953618,2026-02-27 14:09:00,BUY,0.819000,100,2
520,543959688,2026-02-27 14:09:15,SELL,0.820000,100,2
521,543959688,2026-02-27 14:09:18,BUY,0.819000,100,2
522,543984128,2026-02-27 14:10:27,SELL,0.820000,100,2
523,543984128,2026-02-27 14:10:30,BUY,0.819000,100,2
524,544008569,2026-02-27 14:11:39,SELL,0.820000,100,2
525,544008569,2026-02-27 14:11:42,BUY,0.819000,100,2
526,544016055,2026-02-27 14:12:03,SELL,0.820000,100,2
527,544016055,2026-02-27 14:12:06,BUY,0.819000,100,2
528,544020045,2026-02-27 14:12:15,SELL,0.820000,100,2
529,544020045,2026-02-27 14:12:18,BUY,0.819000,100,2
530,544022039,2026-02-27 14:12:24,SELL,0.820000,100,2
531,544023036,2026-02-27 14:12:27,BUY,0.819000,100,2
532,544029047,2026-02-27 14:12:45,SELL,0.820000,100,2
533,544029047,2026-02-27 14:12:48,BUY,0.819000,100,2
534,544050041,2026-02-27 14:13:45,SELL,0.820000,100,2
535,544050041,2026-02-27 14:13:48,BUY,0.819000,100,2
536,544099994,2026-02-27 14:16:12,SELL,0.820000,100,2
537,544100991,2026-02-27 14:16:15,BUY,0.819000,100,2
538,544107972,2026-02-27 14:16:36,SELL,0.820000,100,2
539,544107972,2026-02-27 14:16:39,BUY,0.819000,100,2
540,544119387,2026-02-27 14:17:09,SELL,0.820000,100,2
541,544119387,2026-02-27 14:17:12,BUY,0.819000,100,2
542,544128331,2026-02-27 14:17:36,SELL,0.820000,100,2
543,544129323,2026-02-27 14:17:39,BUY,0.819000,100,2
544,544132358,2026-02-27 14:17:48,SELL,0.820000,100,2
545,544132358,2026-02-27 14:17:51,BUY,0.819000,100,2
546,544136333,2026-02-27 14:18:03,SELL,0.820000,100,2
547,544137330,2026-02-27 14:18:09,BUY,0.819000,100,2
548,544139828,2026-02-27 14:18:15,SELL,0.820000,100,2
549,544140826,2026-02-27 14:18:18,BUY,0.819000,100,2
550,544144815,2026-02-27 14:18:27,SELL,0.820000,100,2
551,544144815,2026-02-27 14:18:30,BUY,0.819000,100,2
552,544194884,2026-02-27 14:20:57,SELL,0.820000,100,2
553,544195881,2026-02-27 14:21:00,BUY,0.819000,100,2
554,544197876,2026-02-27 14:21:06,SELL,0.820000,100,2
555,544197876,2026-02-27 14:21:09,BUY,0.819000,100,2
556,544242806,2026-02-27 14:23:18,BUY,0.818000,100,1
557,544247851,2026-02-27 14:23:30,SELL,0.819000,100,1
558,544247851,2026-02-27 14:23:33,BUY,0.818000,100,1
559,544254850,2026-02-27 14:23:54,SELL,0.819000,100,1
560,544255874,2026-02-27 14:24:00,BUY,0.818000,100,1
561,544267840,2026-02-27 14:24:36,SELL,0.819000,100,1
562,544268837,2026-02-27 14:24:39,BUY,0.818000,100,1
563,544279840,2026-02-27 14:25:09,SELL,0.819000,100,1
564,544279840,2026-02-27 14:25:12,BUY,0.818000,100,1
565,544280837,2026-02-27 14:25:15,SELL,0.819000,100,1
566,544281835,2026-02-27 14:25:18,BUY,0.818000,100,1
567,544291820,2026-02-27 14:25:48,SELL,0.819000,100,1
568,544294079,2026-02-27 14:25:54,BUY,0.818000,100,1
569,544309068,2026-02-27 14:26:36,SELL,0.819000,100,1
570,544311063,2026-02-27 14:26:42,BUY,0.818000,100,1
571,544313057,2026-02-27 14:26:48,SELL,0.819000,100,1
572,544314054,2026-02-27 14:26:51,BUY,0.818000,100,1
573,544316049,2026-02-27 14:26:57,SELL,0.819000,100,1
574,544316049,2026-02-27 14:27:00,BUY,0.818000,100,1
575,544338642,2026-02-27 14:28:06,SELL,0.819000,100,1
576,544338642,2026-02-27 14:28:09,BUY,0.818000,100,1
577,544342627,2026-02-27 14:28:18,SELL,0.819000,100,1
578,544343625,2026-02-27 14:28:21,BUY,0.818000,100,1
579,544354629,2026-02-27 14:28:54,SELL,0.819000,100,1
580,544354629,2026-02-27 14:28:57,BUY,0.818000,100,1
581,544356624,2026-02-27 14:29:00,SELL,0.819000,100,1
582,544357621,2026-02-27 14:29:03,BUY,0.818000,100,1
583,544365108,2026-02-27 14:29:24,SELL,0.819000,100,1
584,544365108,2026-02-27 14:29:27,BUY,0.818000,100,1
585,544369097,2026-02-27 14:29:36,SELL,0.819000,100,1
586,544369097,2026-02-27 14:29:39,BUY,0.818000,100,1
587,544371092,2026-02-27 14:29:45,SELL,0.819000,100,1
588,544372090,2026-02-27 14:29:48,BUY,0.818000,100,1
589,544379140,2026-02-27 14:30:03,SELL,0.819000,100,1
590,544379140,2026-02-27 14:30:06,BUY,0.818000,100,1
591,544400588,2026-02-27 14:31:09,SELL,0.819000,100,1
592,544401585,2026-02-27 14:31:12,BUY,0.818000,100,1
593,544430111,2026-02-27 14:32:33,SELL,0.819000,100,1
594,544430111,2026-02-27 14:32:36,BUY,0.818000,100,1
595,544437093,2026-02-27 14:32:48,SELL,0.819000,100,1
596,544437093,2026-02-27 14:32:51,BUY,0.818000,100,1
597,544444074,2026-02-27 14:33:06,SELL,0.819000,100,1
598,544444074,2026-02-27 14:33:09,BUY,0.818000,100,1
599,544465075,2026-02-27 14:34:06,SELL,0.819000,100,1
600,544466072,2026-02-27 14:34:09,BUY,0.818000,100,1
601,544470061,2026-02-27 14:34:21,SELL,0.819000,100,1
602,544470061,2026-02-27 14:34:24,BUY,0.818000,100,1
603,544474051,2026-02-27 14:34:36,SELL,0.819000,100,1
604,544474051,2026-02-27 14:34:39,BUY,0.818000,100,1
605,544484056,2026-02-27 14:35:06,SELL,0.819000,100,1
606,544485054,2026-02-27 14:35:09,BUY,0.818000,100,1
607,544489058,2026-02-27 14:35:21,SELL,0.819000,100,1
608,544489058,2026-02-27 14:35:24,BUY,0.818000,100,1
609,544490052,2026-02-27 14:35:27,SELL,0.819000,100,1
610,544492047,2026-02-27 14:35:33,BUY,0.818000,100,1
611,544494042,2026-02-27 14:35:36,SELL,0.819000,100,1
612,544496037,2026-02-27 14:35:42,BUY,0.818000,100,1
613,544505052,2026-02-27 14:36:09,SELL,0.819000,100,1
614,544505052,2026-02-27 14:36:12,BUY,0.818000,100,1
615,544512034,2026-02-27 14:36:30,SELL,0.819000,100,1
616,544513031,2026-02-27 14:36:33,BUY,0.818000,100,1
617,544514029,2026-02-27 14:36:36,SELL,0.819000,100,1
618,544515026,2026-02-27 14:36:39,BUY,0.818000,100,1
619,544517525,2026-02-27 14:36:48,SELL,0.819000,100,1
620,544518522,2026-02-27 14:36:51,BUY,0.818000,100,1
621,544523509,2026-02-27 14:37:06,SELL,0.819000,100,1
622,544523509,2026-02-27 14:37:09,BUY,0.818000,100,1
623,544533482,2026-02-27 14:37:36,SELL,0.819000,100,1
624,544533482,2026-02-27 14:37:39,BUY,0.818000,100,1
625,544546966,2026-02-27 14:38:15,SELL,0.819000,100,1
626,544547495,2026-02-27 14:38:18,BUY,0.818000,100,1
627,544552985,2026-02-27 14:38:36,SELL,0.819000,100,1
628,544554980,2026-02-27 14:38:42,BUY,0.818000,100,1
629,544563956,2026-02-27 14:39:06,SELL,0.819000,100,1
630,544563956,2026-02-27 14:39:09,BUY,0.818000,100,1
631,544579943,2026-02-27 14:39:54,SELL,0.819000,100,1
632,544579943,2026-02-27 14:39:57,BUY,0.818000,100,1
633,544583933,2026-02-27 14:40:09,SELL,0.819000,100,1
634,544584930,2026-02-27 14:40:12,BUY,0.818000,100,1
635,544594919,2026-02-27 14:40:36,SELL,0.819000,100,1
636,544594919,2026-02-27 14:40:39,BUY,0.818000,100,1
637,544597911,2026-02-27 14:40:48,SELL,0.819000,100,1
638,544598908,2026-02-27 14:40:51,BUY,0.818000,100,1
639,544603933,2026-02-27 14:41:06,SELL,0.819000,100,1
640,544603933,2026-02-27 14:41:09,BUY,0.818000,100,1
641,544634855,2026-02-27 14:42:36,SELL,0.819000,100,1
642,544634855,2026-02-27 14:42:39,BUY,0.818000,100,1
643,544635852,2026-02-27 14:42:42,SELL,0.819000,100,1
644,544636850,2026-02-27 14:42:45,BUY,0.818000,100,1
645,544655307,2026-02-27 14:43:36,SELL,0.819000,100,1
646,544655307,2026-02-27 14:43:39,BUY,0.818000,100,1
647,544679749,2026-02-27 14:44:39,SELL,0.819000,100,1
648,544679749,2026-02-27 14:44:42,BUY,0.818000,100,1
649,544681744,2026-02-27 14:44:48,SELL,0.819000,100,1
650,544682741,2026-02-27 14:44:51,BUY,0.818000,100,1
651,544708248,2026-02-27 14:46:06,SELL,0.819000,100,1
652,544709245,2026-02-27 14:46:12,BUY,0.818000,100,1
653,544715229,2026-02-27 14:46:24,BUY,0.817000,100,0
654,544716226,2026-02-27 14:46:27,SELL,0.818000,100,0
655,544716226,2026-02-27 14:46:30,BUY,0.817000,100,0
656,544717224,2026-02-27 14:46:33,SELL,0.818000,100,0
657,544719219,2026-02-27 14:46:39,BUY,0.817000,100,0
658,544729698,2026-02-27 14:47:09,SELL,0.818000,100,0
659,544730696,2026-02-27 14:47:12,BUY,0.817000,100,0
660,544733687,2026-02-27 14:47:21,SELL,0.818000,100,0
661,544733687,2026-02-27 14:47:24,BUY,0.817000,100,0
662,544735219,2026-02-27 14:47:27,SELL,0.818000,100,0
663,544737185,2026-02-27 14:47:33,BUY,0.817000,100,0
664,544739684,2026-02-27 14:47:42,SELL,0.818000,100,0
665,544740681,2026-02-27 14:47:45,BUY,0.817000,100,0
666,544743673,2026-02-27 14:47:51,SELL,0.818000,100,0
667,544743673,2026-02-27 14:47:54,BUY,0.817000,100,0
668,544745668,2026-02-27 14:47:57,SELL,0.818000,100,0
669,544745668,2026-02-27 14:48:00,BUY,0.817000,100,0
670,544747662,2026-02-27 14:48:06,SELL,0.818000,100,0
671,544748659,2026-02-27 14:48:09,BUY,0.817000,100,0
672,544750654,2026-02-27 14:48:15,SELL,0.818000,100,0
673,544750654,2026-02-27 14:48:18,BUY,0.817000,100,0
674,544780222,2026-02-27 14:49:39,SELL,0.818000,100,0
675,544780222,2026-02-27 14:49:42,BUY,0.817000,100,0
676,544788201,2026-02-27 14:50:06,SELL,0.818000,100,0
677,544790195,2026-02-27 14:50:12,BUY,0.817000,100,0
678,544793189,2026-02-27 14:50:18,SELL,0.818000,100,0
679,544794692,2026-02-27 14:50:24,BUY,0.817000,100,0
680,544800676,2026-02-27 14:50:39,SELL,0.818000,100,0
681,544800676,2026-02-27 14:50:42,BUY,0.817000,100,0
682,544802671,2026-02-27 14:50:45,SELL,0.818000,100,0
683,544802671,2026-02-27 14:50:48,BUY,0.817000,100,0
684,544805854,2026-02-27 14:50:54,SELL,0.818000,100,0
685,544805854,2026-02-27 14:50:57,BUY,0.817000,100,0
686,544810817,2026-02-27 14:51:09,SELL,0.818000,100,0
687,544810817,2026-02-27 14:51:12,BUY,0.817000,100,0
688,544815803,2026-02-27 14:51:27,SELL,0.818000,100,0
689,544816801,2026-02-27 14:51:30,BUY,0.817000,100,0
690,544822785,2026-02-27 14:51:48,SELL,0.818000,100,0
691,544824779,2026-02-27 14:51:54,BUY,0.817000,100,0
692,544827279,2026-02-27 14:52:00,SELL,0.818000,100,0
693,544828276,2026-02-27 14:52:03,BUY,0.817000,100,0
694,544831267,2026-02-27 14:52:12,SELL,0.818000,100,0
695,544831267,2026-02-27 14:52:15,BUY,0.817000,100,0
696,544838757,2026-02-27 14:52:36,SELL,0.818000,100,0
697,544838757,2026-02-27 14:52:39,BUY,0.817000,100,0
698,544869177,2026-02-27 14:54:00,SELL,0.818000,100,0
699,544869177,2026-02-27 14:54:03,BUY,0.817000,100,0
700,544876160,2026-02-27 14:54:21,SELL,0.818000,100,0
701,544877156,2026-02-27 14:54:27,BUY,0.817000,100,0
702,544880148,2026-02-27 14:54:33,SELL,0.818000,100,0
703,544880148,2026-02-27 14:54:36,BUY,0.817000,100,0
704,544882143,2026-02-27 14:54:39,SELL,0.818000,100,0
705,544882143,2026-02-27 14:54:42,BUY,0.817000,100,0
706,544884137,2026-02-27 14:54:45,SELL,0.818000,100,0
707,544885670,2026-02-27 14:54:51,BUY,0.817000,100,0
708,544896611,2026-02-27 14:55:21,BUY,0.816000,100,-1
709,544920645,2026-02-27 14:56:30,BUY,0.815000,100,-2
710,544921641,2026-02-27 14:56:33,SELL,0.816000,100,-2
711,544924165,2026-02-27 14:56:42,BUY,0.815000,100,-2
712,544929127,2026-02-27 14:56:51,SELL,0.816000,100,-2
713,544931122,2026-02-27 14:56:57,BUY,0.815000,100,-2
714,544932119,2026-02-27 14:57:00,SELL,0.816000,100,-2
