date,G1,G2,G3,G4,G5
2024-11-01,1000000.0,1000000.0,1000000.0,1000000.0,1000000.0
2024-11-04,1000000.0,1000000.0,1000000.0,1000000.0,1000000.0
2024-11-05,1000000.0,1000000.0,1000000.0,1000000.0,1000000.0
2024-11-06,1000000.0,1000000.0,1000000.0,1000000.0,1000000.0
2024-11-07,1000000.0,1000000.0,1000000.0,1000000.0,1000000.0
2024-11-08,1000000.0,1000000.0,1000000.0,1000000.0,1000000.0
2024-11-11,1000000.0,1000000.0,1000000.0,1000000.0,1000000.0
2024-11-12,1000000.0,1000000.0,1000000.0,1000000.0,1000000.0
2024-11-13,1000000.0,1000000.0,1000000.0,1000000.0,1000000.0
2024-11-14,1000000.0,1000000.0,1000000.0,1000000.0,1000000.0
2024-11-15,1000000.0,1000000.0,1000000.0,1000000.0,1000000.0
2024-11-18,1000000.0,1000000.0,1000000.0,1000000.0,1000000.0
2024-11-19,1000000.0,1000000.0,1000000.0,1000000.0,1000000.0
2024-11-20,1000000.0,1000000.0,1000000.0,1000000.0,1000000.0
2024-11-21,1000000.0,1000000.0,1000000.0,1000000.0,1000000.0
2024-11-22,1000000.0,1000000.0,1000000.0,1000000.0,1000000.0
2024-11-25,1000000.0,1000000.0,1000000.0,1000000.0,1000000.0
2024-11-26,1000000.0,1000000.0,1000000.0,1000000.0,1000000.0
2024-11-27,1000000.0,1000000.0,1000000.0,1000000.0,1000000.0
2024-11-28,1000000.0,1000000.0,1000000.0,1000000.0,1000000.0
2024-11-29,1000000.0,1000000.0,1000000.0,1000000.0,1000000.0
2024-12-02,1000000.0000000003,1000000.0000000019,1000000.0000000019,1000000.0000000019,1000000.0000000003
2024-12-03,1008374.827699217,1005867.314991869,1002530.7184668841,1002950.9245599839,1000488.5431748037
2024-12-04,989184.6369979572,989985.4714438424,987990.6186730958,990025.0937410002,988239.52834371
2024-12-05,1011652.575015036,1001727.5505798394,997488.9618629164,997429.5016086735,997649.1412360957
2024-12-06,1028148.7005172942,1014519.0657325526,1012357.6543090169,1007485.8220281021,1010300.3876719518
2024-12-09,1023453.9169497786,1011414.8559050652,1011386.6016596997,1003605.492864382,1016277.316855941
2024-12-10,1035497.6119034764,1015765.1489381427,1014734.8343674329,1005556.0402710777,1020699.4555257732
2024-12-11,1060991.691768106,1037195.7469830175,1033393.5673164339,1024537.682539771,1035017.4091323527
2024-12-12,1076164.270307764,1050948.8227217167,1047910.8223251274,1043575.4791922071,1052200.7527794065
2024-12-13,1063574.8247485564,1031204.4319260787,1027621.1520202525,1023692.4974570409,1039763.7179147233
2024-12-16,1055500.4008499077,1028683.8231218315,1027950.4546019227,1022957.7468108095,1043243.8947557444
2024-12-17,1009314.5198687179,989210.4212644147,994376.5843902158,987632.2888062339,1008383.3418141351
2024-12-18,1012485.3664372693,994553.0705900809,1000020.1810806678,993138.9678664111,1010625.7039354306
2024-12-19,1003788.9297658296,989827.3046880987,995558.3857774792,991027.5136842631,1008262.3111379392
2024-12-20,1009665.1764571603,994217.5055549477,994810.2900806076,996236.3956327398,1014730.819555178
2024-12-23,959236.2222663065,952521.6800325359,957599.6793998507,963229.4948892954,981833.897399681
2024-12-24,962677.0354642161,961996.253466071,970255.0172181218,977077.7607820616,995519.5958706423
2024-12-25,934088.8397053964,945820.4251079616,954951.1310796551,963293.6501500293,979444.8758142557
2024-12-26,954198.5741949889,954227.5858155943,962034.0295070464,970465.9660705538,985147.1719100963
2024-12-27,962179.7032559008,967418.2669066834,975879.6380381916,984088.2783383208,1000141.0645181442
2024-12-30,947935.5474147807,955003.7157110645,969095.8826141687,974135.3225884576,992244.5016767957
2024-12-31,921197.8273307154,932089.8217249236,949754.1713609537,956373.9223328958,976036.2134660766
2025-01-02,912779.6949652912,919564.0076886168,934152.0561602415,939736.9353584929,961323.4836069021
2025-01-03,866253.0361720035,883251.5040649212,902769.1155613003,910837.5887761499,932060.2162833381
2025-01-06,853415.368415726,877143.8471796474,899222.8588658678,915134.7967477859,935693.4401055254
2025-01-07,874079.4698043986,891036.3305323657,911341.1209867884,925034.3565093628,944640.8216354708
2025-01-08,878661.7341987117,890272.4915650196,907915.8047864934,921369.582815,943079.0168037026
2025-01-09,883932.1392364396,893347.108519483,906016.4144353814,918686.3435023596,937759.2990526932
2025-01-10,849749.9188920314,868796.4110084082,879921.4585736124,898153.148222064,918537.2940322288
2025-01-13,843283.4369429754,870654.4447516794,881646.3249355104,900828.5557568038,919136.699837481
2025-01-14,891073.320991982,908814.695388999,914298.7529648356,935472.2385897579,950783.8579661667
2025-01-15,895093.5257559038,905797.8695833855,911683.1491528963,932275.0261774514,951661.3332997425
2025-01-16,908282.0665467896,915239.4721027116,919847.7101978357,939870.3459219332,957888.9116389494
2025-01-17,899182.005153692,913731.1910283992,921142.8434555313,940490.2986694062,962711.2848601715
2025-01-20,906589.1527324643,919049.8866916002,929005.8687821119,947218.0906261374,974258.9147806613
2025-01-21,902017.6601932311,915433.9102529252,924527.2859018733,940404.5521450214,969041.4080827886
2025-01-22,887854.4383475871,903806.1361614224,914791.836540202,931503.383568764,959659.8426849974
2025-01-23,884808.5105876325,899598.7484370762,914375.1620793681,929846.4494613647,962412.5051258033
2025-01-24,891900.6884126842,907249.8287698408,920648.4213481297,934817.8058537855,967836.2203862129
2025-01-27,873903.9913961937,901889.2971242177,918292.977373823,936503.4498356421,970543.9850053833
2025-02-05,888725.1692628205,908552.4012199955,922479.7885739455,935177.2573905252,967698.1014947653
2025-02-06,913582.608805218,924930.7353768391,937007.5633177083,946446.4251874086,978960.2117580565
2025-02-07,931419.1959120443,940585.7518211333,949218.7834624387,957605.5158993897,988514.337298272
2025-02-10,954630.0404458292,955702.7297013324,961890.4461326362,971309.255995583,1000454.035577334
2025-02-11,957270.1251410511,954080.1008467304,962051.7566874543,968230.8904391984,1000266.0383435108
2025-02-12,971692.2538378786,964531.6060035488,968991.5340382123,972052.3761933309,1004200.9258950903
2025-02-13,968341.3354946595,960881.8584509875,963388.9668832935,965973.7323815618,995755.2560394817
2025-02-14,959735.4310734505,959768.6467503711,963006.9121165201,966045.2734660916,996982.2504341002
2025-02-17,974207.9785893684,970121.1789398304,972336.7702775873,974406.6482651696,1006627.6220821437
2025-02-18,945554.3723613755,944846.1825459638,952515.8772633375,955267.1848120852,989861.9250304446
2025-02-19,966233.4447500497,961580.2402516376,964576.3328601163,966165.3474943201,1002119.2940243591
2025-02-20,972490.8250626732,971221.1338849303,969239.2919431408,972231.9416400187,1009856.1865512041
2025-02-21,980161.8282245655,974345.864918222,970177.9471997349,969312.8360016082,1006931.9231844525
2025-02-24,983891.9996225382,984044.7576919463,977888.3814403522,977038.2229588203,1011838.576224344
2025-02-25,982403.6080347524,977018.7766066698,971049.2898475042,970123.0524370653,1005892.3434189254
2025-02-26,998600.6963283839,991138.8575138418,986341.3968568404,983754.6492324449,1019951.1988375924
2025-02-27,994987.4375979902,992108.9334635611,990247.2846272019,986629.1903373266,1023575.5920361612
2025-02-28,957837.5923629998,967286.8410907018,969918.9109633268,969254.609737838,1004203.5361229654
2025-03-03,957037.3210747921,967154.9575492163,972837.2211789996,972628.1568922393,1006635.7430848955
2025-03-04,967519.1706032391,977899.2440834086,981166.7155916591,980455.1102090059,1014891.3560931247
2025-03-05,978094.2667851147,981209.6687535932,978806.6449281386,975885.4094390642,1009062.732449803
2025-03-06,1003424.3196593667,994702.7446479967,988544.9085613585,984966.4765705282,1017015.654653729
2025-03-07,993920.9778694224,991569.584825087,985973.8063766931,982621.2250372524,1014490.0113552093
2025-03-10,994586.0876606337,995401.8144150806,993649.0696776364,990891.4195682959,1023233.2460820131
2025-03-11,1000232.3485547066,1002030.1295373271,999497.8167725349,996626.7307539539,1029361.1352241988
2025-03-12,1009551.1703894283,1010635.7044314996,1005928.9635427318,1000776.1273243863,1032489.5136866771
2025-03-13,992108.5062669317,1002874.2341684154,1001035.7657633782,998579.6204592711,1034077.9099701232
2025-03-14,1006580.3661009783,1017114.0232512022,1014944.3451874695,1014414.0323035611,1051088.4627107044
2025-03-17,1011639.2819347612,1019417.4355500769,1020791.4848907321,1021354.5845995906,1059888.3592244496
2025-03-18,1017665.9310038257,1023677.7081889221,1024632.6994349293,1024816.0433926885,1065388.786209303
2025-03-19,1013253.9337417685,1021994.0752555772,1023325.2123891428,1023019.7230668857,1062891.6157949052
2025-03-20,1015138.6558560192,1025374.6783771354,1027987.2116139452,1024326.8380527842,1064130.8751485161
2025-03-21,991796.1739810648,1014774.4193444934,1017517.4874262024,1018948.1628850031,1057100.957103981
2025-03-24,968997.1017714957,1000304.0248766121,1005969.9200956742,1010775.4593767894,1045731.9387809316
2025-03-25,956876.1434973925,998615.6037159394,1009229.3012130968,1018900.8953569655,1050948.118625505
2025-03-26,966259.5181197417,1007872.898284111,1020487.9949221348,1027903.1015132618,1062119.730443034
2025-03-27,953888.2315414542,998257.0478611271,1014797.05013735,1024037.2743330366,1061086.6469853031
2025-03-28,938527.9673119996,982294.0232725133,998539.3032094364,1012241.1590893951,1046511.1447425359
2025-03-31,924896.6995749372,966366.8927557262,983772.9464074709,997486.5393097175,1031866.1727317771
2025-04-01,926937.8358574623,975807.4141749041,997500.0529398253,1015485.7903850505,1050231.0774994867
2025-04-02,928366.2328938956,976995.953219555,998863.3203837182,1014827.1446821089,1052309.5017640237
2025-04-03,923679.187370586,975503.8014361013,1002975.0978060738,1018643.8440439285,1054473.6372770672
2025-04-07,835237.948052885,883070.518946432,914397.411751311,928670.3717845497,959705.3727745755
2025-04-08,813858.5471937468,875352.7302968103,905979.1995436415,926237.8575837034,958672.5100528585
2025-04-09,835233.7220535149,895444.8237852281,922838.2139509098,942039.207042818,974999.7378277343
2025-04-10,857384.333986093,916093.4437047989,943887.131859062,963978.1634616421,1000649.7986391591
2025-04-11,864127.6013176206,919685.5667296675,946010.465422732,965138.9907342641,1000715.320477658
2025-04-14,887760.5855192879,940820.5855457134,962683.1608586564,984188.1933537514,1019592.6105353027
2025-04-15,884991.5299376957,939361.5545738705,964358.2391722677,987093.3450515342,1024762.5805504731
2025-04-16,869548.4621557003,927674.5465098409,952665.4447629537,978313.0879821519,1015875.0883296501
2025-04-17,872750.1781624617,935164.5808329092,960370.7954016305,987740.019881619,1030431.3972507488
2025-04-18,871545.7538700548,936570.7754623294,960332.7580986267,985604.9996600479,1028481.7406075808
2025-04-21,889534.6862786717,953847.1208606769,974086.0954433546,997547.4754542973,1040425.8165571708
2025-04-22,892068.9191183908,958316.5636234075,981167.1090515159,1006862.4596872486,1051046.8372184646
2025-04-23,895727.075293011,959360.4432602165,984579.691639426,1007623.1435567783,1051994.2578008068
2025-04-24,889696.8012852351,956531.8029483153,978732.9004307066,1007456.9952689934,1050450.54120471
2025-04-25,893034.4220058067,963446.8719577999,984025.595133085,1009807.4293646835,1055052.9224437135
2025-04-28,875792.6528724171,950507.6495287479,966684.8639175817,994638.2435344091,1039156.962550442
2025-04-29,873457.5276416378,954907.8014782426,974172.0265838603,1001200.9133727303,1050621.3815557142
2025-04-30,872111.4352854838,955034.7428519973,980258.8176169998,1003716.2650657198,1052892.7908968788
2025-05-06,898891.746196407,979430.9731190708,1004184.8205290878,1025868.9402874704,1075455.0609483179
2025-05-07,908791.8050031444,988044.0746478485,1011942.9255644759,1033094.9078819824,1084945.148557369
2025-05-08,913312.5167825314,996034.8470608523,1022045.9286860413,1042265.773456682,1094641.8612819796
2025-05-09,898146.1991209908,985974.7478569888,1014048.5774657824,1035911.2472990861,1092935.5793096465
2025-05-12,904951.0108358678,994831.9611692606,1023823.126683318,1043360.2180132264,1100768.7015073576
2025-05-13,907894.068741543,993877.225714556,1023278.3544493219,1045583.7870573614,1102418.4276851066
2025-05-14,920499.8298919939,998843.8906655114,1024786.3228567085,1048601.2185795684,1102688.442967046
2025-05-15,912065.9819233181,990575.1861700121,1017092.8343517738,1042964.4299602375,1100634.0207665896
2025-05-16,918572.4150876816,995422.2965743651,1021132.0115024599,1047365.0653355138,1106924.0958858177
2025-05-19,931518.010337638,1009660.4469812283,1035608.8026668808,1061127.3588611993,1120400.1486034207
2025-05-20,936240.1288010789,1018506.6679535342,1045930.4318892708,1070841.7209883127,1129318.6462143506
2025-05-21,930662.3578457801,1014440.4158602369,1043436.8806382121,1068889.4018607424,1128439.559157179
2025-05-22,915959.1167658418,1000374.4159338425,1031692.407665354,1057916.7544446173,1118013.437578316
2025-05-23,900494.9185014286,987298.5363681093,1020257.4541552364,1048527.0686234486,1107471.298694566
2025-05-26,911923.8076869246,995122.6584766601,1030839.4619501055,1055569.7909045538,1115909.572690744
2025-05-27,919717.88772674,1002694.6926956305,1036453.8328344985,1063114.7566616053,1125182.9784085972
2025-05-28,915204.3636543315,1001254.7418135611,1035018.0381470724,1063495.7859256242,1126797.8918792896
2025-05-29,929214.9096947368,1015461.8772305051,1048665.3493405508,1076122.5637153315,1140901.3992580946
2025-05-30,910761.581335855,1000973.9263978746,1037860.1381263408,1066642.9949059829,1130256.6209501538
2025-06-03,920354.2875492418,1006577.6962479422,1046350.8914349932,1075186.4651801866,1138936.5431497002
2025-06-04,931055.5910885591,1016716.9782175092,1057131.3468009878,1085082.290918752,1151406.1797123514
2025-06-05,929151.544743681,1017407.396924228,1057530.5649047322,1082819.3503124353,1146726.6313355162
2025-06-06,927227.2765919428,1015431.4715273664,1060666.623967772,1085930.6261528141,1152093.0375900643
2025-06-09,940126.0750452022,1026981.9919013125,1071812.2539129823,1094097.2265348753,1162110.1292393883
2025-06-10,938324.9152873432,1019984.526756317,1064697.239881731,1086497.2761835142,1156742.458883775
2025-06-11,940062.3394978411,1024231.121763277,1069800.0558249606,1093899.697637682,1163791.1817180822
2025-06-12,938043.7098652666,1024384.6547508459,1070923.0313248702,1092489.498033105,1161776.3568119253
2025-06-13,918347.5014861376,1006516.2509615783,1052228.0049371955,1074663.5707637917,1145311.8773841525
2025-06-16,925588.1666287791,1015423.5908054695,1055616.9973600488,1081264.061215601,1149905.3134563018
2025-06-17,925784.4854431174,1015920.7848711734,1057405.5776744122,1084240.2622841168,1150909.1513528496
2025-06-18,917851.7620830617,1006752.4922659347,1048134.4323460796,1075628.5221733248,1143366.9753868512
2025-06-19,889989.4600709614,988722.3462743434,1030778.3654950007,1061075.8681605186,1130013.674704729
2025-06-20,883652.3249490134,980265.8108785016,1025374.9673784908,1057402.1399622695,1129965.4747151842
2025-06-23,905348.2749381128,995690.7197450914,1038509.0353715861,1069327.2543702088,1142114.3509361309
2025-06-24,921241.2242776998,1012095.5457600462,1057251.8205843698,1090098.1269287071,1162773.7678778267
2025-06-25,926865.6726608041,1020905.9920874459,1065470.5938063897,1097975.9144156696,1168790.4615371674
2025-06-26,929181.2684304824,1019922.6325562033,1061994.1910166831,1094314.0800497162,1165611.427080146
2025-06-27,932045.693003308,1025486.5249693037,1068977.4388556557,1099105.5276899429,1171121.5188121498
2025-06-30,946042.9019009164,1035293.0767219726,1077514.0685490076,1106672.9245715812,1181717.5101756605
2025-07-01,948907.3278101141,1040715.8611683164,1084863.086408507,1110906.226198361,1186022.6296520645
2025-07-02,944918.1669700509,1040393.9978953474,1086401.2071850772,1114911.5813290104,1189762.3856521568
2025-07-03,947284.1324883427,1043859.3650619569,1090454.7504146066,1119655.5427079988,1197349.2804835527
2025-07-04,940666.817958097,1036357.4006744217,1083969.213232554,1113885.49403057,1190854.7228063056
2025-07-07,954647.5583128273,1044898.9505842696,1091093.5326137324,1125888.039433805,1201144.831156211
2025-07-08,964494.1016209277,1056566.221963313,1099659.8780627854,1133952.9245556665,1209418.6507034106
2025-07-09,963733.1034724945,1057565.917028326,1099298.906510511,1136037.5358255794,1211919.5705432876
2025-07-10,964443.9634055204,1066602.5383480533,1105561.718241181,1142455.2030767363,1221357.6861129256
2025-07-11,968502.6585267854,1070865.7774492304,1107749.3881166407,1143423.2288250667,1222480.556901622
2025-07-14,964652.8360734422,1074243.7658430608,1113905.1453292598,1151323.2418183372,1233297.0836021812
2025-07-15,949228.8962287455,1056042.151851025,1101631.9054935817,1139438.9982403382,1221213.315977585
2025-07-16,949188.3122419077,1061743.365438464,1109340.2429576244,1147105.3656393816,1231377.6358719696
2025-07-17,958096.7293981672,1069142.0556147308,1114774.1731011067,1152267.1728451955,1235118.5104979123
2025-07-18,957190.0971527759,1071241.5756537823,1115325.0882565307,1154431.9666128885,1236537.61611844
2025-07-21,968621.1584970949,1087928.3124798744,1135378.826504108,1173275.2092183267,1254848.9538101696
2025-07-22,968574.8337291742,1092625.9456565783,1142298.2017768172,1181103.2234783615,1261160.0339131155
2025-07-23,956510.4463313161,1079825.0108399135,1133244.0004486132,1172190.1763376808,1255413.5909303275
2025-07-24,969935.3183089208,1095235.1587397363,1147288.1756567713,1183659.0198525232,1267597.213502966
2025-07-25,966452.4785605001,1091057.518552229,1143405.5615338779,1179969.0643208493,1270382.8215521064
2025-07-28,969492.1297699175,1090313.0685089075,1141999.519608437,1180200.7206121865,1269804.19360973
2025-07-29,969332.036420022,1090217.6171826671,1141240.2561436286,1176904.0138259262,1266296.15215295
2025-07-30,960216.4047775156,1085751.4839710328,1140171.0520620989,1177811.285117372,1267622.8377312426
2025-07-31,947380.1437187934,1072124.411628563,1123822.6658854724,1160640.9319557417,1249552.7457801679
2025-08-01,948515.7555036641,1072996.6137662602,1130396.7063881163,1169575.9947805293,1257038.3133069566
2025-08-04,953781.541063194,1080371.8649477423,1138857.7631616488,1176154.8967374982,1265631.193923176
2025-08-05,963690.4929886905,1088916.988133644,1147951.9431898217,1187867.9963030089,1277514.4700807622
2025-08-06,968309.654416847,1095472.5064606336,1151861.5668589615,1192307.630996965,1281833.0304857844
2025-08-07,966719.610215424,1094553.639209943,1151085.2713500094,1193444.9612692024,1282550.9666206795
2025-08-08,970044.5427670947,1097741.9556220202,1156587.1875578307,1196684.4302307372,1290192.4835063305
2025-08-11,983069.2141647771,1109678.0356507222,1166493.4219532704,1207775.6845437621,1301199.6918169921
2025-08-12,981547.1397529606,1111016.8146101485,1165257.2173662751,1210325.6388360092,1302658.276578851
2025-08-13,990574.227355177,1117694.1330216853,1166758.57078686,1214588.3359869188,1302375.8326871633
2025-08-14,977212.725882743,1099566.9910649357,1150160.6585634085,1193707.4613227455,1282943.9610919498
2025-08-15,993177.5239891009,1115583.823539178,1164696.9540148068,1206745.9443154496,1296418.2282614715
2025-08-18,1006042.9364981035,1127906.3614870736,1173995.5547235394,1214767.3329766488,1303709.6579659614
2025-08-19,1011902.0686279136,1136403.2826842482,1182202.989415657,1222269.2790622902,1315627.747766637
2025-08-20,1018056.640314856,1144892.7528823595,1195319.927182942,1235551.111114903,1334579.1174979212
2025-08-21,1014555.1545283723,1144951.1142741966,1197532.7062301538,1237527.2097197531,1336840.1359698756
2025-08-22,1018236.8589589908,1148058.2291112575,1198232.1130840557,1237517.859232734,1333952.0638987082
2025-08-25,1028570.7536376457,1157294.8067564117,1205233.298653522,1245289.9916183986,1339427.6811114016
2025-08-26,1030961.5399486169,1162943.241144004,1213204.0271950644,1253040.8147097912,1350178.6992305575
2025-08-27,1004800.17926092,1131707.4124400665,1183110.6379134888,1223949.833494747,1322526.1308199351
2025-08-28,1012640.4953524405,1131836.1215685667,1186544.0673707537,1223120.458006093,1322755.7187983047
2025-08-29,1004833.3399864999,1127088.7203242085,1183715.325355831,1220378.712872246,1317126.896151637
2025-09-01,1015725.5218027192,1140293.404224404,1192314.2119954366,1226738.3138259915,1324637.8944210804
2025-09-02,994244.1969209855,1127147.598291771,1181356.6239481247,1217329.1429602816,1314957.956121633
2025-09-03,970595.6789566076,1105139.9277924637,1158888.3914920948,1195504.6099181909,1291698.9965039229
2025-09-04,966184.6187055395,1103303.1709201818,1161823.7248817545,1202733.9862265554,1302883.2713945115
2025-09-05,983686.6309804573,1121681.150972149,1180009.7847141244,1218284.8922947436,1315204.5737849767
2025-09-08,992288.2021332266,1134654.4655900046,1193774.4752319239,1232075.8448986982,1331660.0465310807
2025-09-09,983848.2151069666,1126380.742917034,1186165.249681428,1227915.5862403272,1325667.9530310633
2025-09-10,990288.5335543334,1129562.644707337,1188038.8734759912,1231025.6563387536,1325321.9645024815
2025-09-11,1006065.9972547585,1139623.4616874834,1198786.4772138163,1238671.5699794083,1333729.8303285635
2025-09-12,1010139.254104667,1140991.7422874563,1195526.2316788812,1234453.3570010161,1328351.8281988974
2025-09-15,1010292.0870838742,1141596.6475598786,1196006.914463971,1232685.9344977639,1322467.1395594454
2025-09-16,1022650.5104638622,1151449.0982311706,1205793.1663819056,1242114.6796399897,1331483.2305176442
2025-09-17,1027116.0276969671,1148029.1369401603,1207319.828219786,1243361.4363053127,1331587.794650445
2025-09-18,1011793.1964842461,1133344.131685736,1190803.8885247065,1224540.9586276754,1308950.7272975382
2025-09-19,1001288.084331405,1128490.9339895619,1190814.9153450248,1223033.925208634,1306249.7847700731
2025-09-22,999566.7379894513,1126327.8136473421,1185250.763077727,1216167.2846583617,1297651.2677641227
2025-09-23,979226.8699388065,1109908.835750396,1174014.784586544,1206337.323169422,1286336.8861108425
2025-09-24,991620.1807405773,1123926.9389402692,1188953.8009127378,1221689.4450008832,1299037.8548471155
2025-09-25,987557.4315554311,1112607.4343744733,1180252.4113328743,1212115.906398206,1288226.9315520956
2025-09-26,975680.2170457026,1108016.18719112,1178413.5435912702,1211990.8964640822,1288270.1488861938
2025-09-29,983566.3481555316,1114404.2127745484,1181900.504788303,1220345.9325557614,1294905.4685038698
2025-09-30,986733.8153607323,1116865.6933136024,1182952.7636596118,1220228.3259711277,1292338.799473431
2025-10-09,997217.06602204,1125327.0890756706,1194070.4376679626,1228272.7219263902,1294493.1128907993
2025-10-10,997823.2695645462,1134482.2571834233,1203292.8704695425,1243770.5664643059,1311618.9931526883
2025-10-13,992853.5439069559,1131173.4760729219,1197906.4129617384,1238292.2218301874,1303387.2654988018
2025-10-14,985622.1696874388,1129649.318309531,1195798.0156150453,1239287.221786507,1307837.9596226024
2025-10-15,998874.0842835731,1145841.065593089,1209456.4108743048,1250810.6159074039,1322173.5250738524
2025-10-16,983744.908312394,1135453.2691937962,1197637.0114504704,1244500.9650187204,1313784.1105081497
2025-10-17,959174.5459491957,1112257.5365389688,1180017.5266404606,1230358.444104186,1299394.891402186
2025-10-20,971606.7333172252,1127652.3029425757,1192948.4596101635,1244565.9714162648,1310405.6873883228
2025-10-21,989422.1250801537,1149561.5732794763,1209670.2212868994,1262320.1570679226,1327053.3941697043
2025-10-22,985926.9329989529,1150521.9620711098,1213113.2727217388,1264381.3187176788,1328278.9020295658
2025-10-23,984779.4697878995,1155500.8176628626,1220301.6027362826,1271769.0293477396,1338747.5775514725
2025-10-24,980975.6625134273,1148790.6111248294,1214887.9453159883,1266550.757593421,1332735.250903024
2025-10-27,985176.1426859454,1157031.5841487525,1219633.3666143224,1269032.027018113,1335462.8409986987
2025-10-28,985328.5248246022,1158177.68585323,1220550.4419419637,1269309.2073420258,1338643.1357998652
2025-10-29,992373.2010010276,1159175.2013493772,1220564.979463096,1266839.10235563,1333917.0566966569
2025-10-30,977656.1284716486,1144414.1983325593,1207784.3235648149,1255726.9186263946,1324254.8775772175
2025-10-31,986066.4989764597,1154040.970134063,1218621.4004431893,1268827.1230682367,1338891.3858840414
2025-11-03,998911.4081700512,1165154.8384022259,1232131.0211584882,1282444.045792313,1351639.8355757806
2025-11-04,1000391.6626407998,1159688.5288382,1229697.1552192902,1285778.3867534194,1350786.4391055044
2025-11-05,1012057.6620952379,1174613.7292212704,1240964.4179440127,1297031.069624764,1360370.6389638467
2025-11-06,1010025.8542187853,1175864.1917003298,1241710.4509757084,1301518.2240107488,1361741.5674304008
2025-11-07,1010381.1160100762,1178686.9835997578,1242942.012396581,1306483.88253817,1365639.4939334712
2025-11-10,1021661.7527014498,1188621.521981863,1256329.7897158319,1321415.4171178066,1380017.6873505993
2025-11-11,1028216.7270278368,1192043.9396303273,1263776.210592553,1327658.3173178,1386416.609216002
2025-11-12,1020694.6878857666,1184901.8302784031,1260530.604955706,1323360.1213739417,1385270.0736193822
2025-11-13,1034361.9881658308,1199897.1438819964,1273132.4265955694,1332682.8257933606,1393888.486709232
2025-11-14,1034630.7057271646,1195816.321336677,1269672.7307932146,1330584.6108388284,1396958.1184662038
2025-11-17,1043230.1219019472,1196876.7387782044,1275350.653847567,1331372.1505256474,1396796.903644886
2025-11-18,1014768.4091558398,1174766.8540564922,1258074.9567937234,1319601.277036491,1387543.9109832423
2025-11-19,993061.8297654701,1160868.6002855669,1243565.1824211439,1307113.4656725174,1374380.5283394905
2025-11-20,982910.5968806556,1154152.6610652485,1234898.5653459611,1301438.9959326354,1367105.8611095098
2025-11-21,941134.2703388802,1109316.3990174301,1185115.3696501984,1258369.767897203,1324935.8622448633
2025-11-24,948406.9687312171,1120525.1965778002,1196855.883966928,1273229.070971044,1339713.5413048547
2025-11-25,966711.233138748,1135522.3020799535,1209579.23314006,1283676.5068231265,1350080.2485138588
2025-11-26,966791.4868794611,1139163.0742882018,1205696.1438160166,1279396.3030737517,1344292.9654459953
2025-11-27,963714.7562558671,1138171.5917885583,1210702.1565145918,1280275.3615671,1347783.7530363942
2025-11-28,980307.2899493362,1151079.5647726853,1225213.3180166197,1293958.9901854882,1357530.778706854
2025-12-01,987413.9000325984,1156994.0744448965,1234789.68327346,1301966.3315051598,1366445.6129828696
2025-12-02,990123.741259931,1156110.7396093572,1235000.4247082302,1301794.204864038,1362581.4360696122
2025-12-03,983593.720558277,1151072.8738011867,1230711.9546311272,1299070.704968381,1359649.0261473907
2025-12-04,969136.2292541303,1140805.3645285459,1223392.0068176948,1286901.7035934853,1346491.0196008973
2025-12-05,989432.1546604113,1157143.5012021556,1235589.083918847,1299003.1603722777,1357932.2494418982
2025-12-08,1001727.7028953208,1162664.8327133153,1238392.628923642,1303217.589699699,1359623.0391556344
2025-12-09,993568.9874518397,1153763.866306676,1230945.3878096768,1299195.7210186508,1349621.2411600533
2025-12-10,1000300.6985253808,1156267.253042675,1234585.148296518,1299336.8502796134,1350989.3952180813
2025-12-11,976457.285324165,1135573.0010347175,1216606.6528764504,1277772.3233866123,1330652.0715817262
2025-12-12,975916.9987196027,1138094.9669588902,1216453.7161900084,1275140.8504534317,1327953.5229303106
2025-12-15,982323.368115447,1142874.5418469394,1218346.9606908588,1281011.760058922,1327769.6596307894
2025-12-16,958025.107519007,1125939.1195566508,1201592.4799628698,1268115.6586482648,1314608.8731765402
2025-12-17,955274.2485820815,1129869.417921052,1207913.6683653821,1273543.735966547,1318292.506085307
2025-12-18,953670.7867987192,1133073.0560861088,1213897.7116094131,1280798.7856665633,1328042.8431936142
2025-12-19,978172.7098643383,1155370.7767333777,1232440.6838597297,1303378.5565380105,1346100.1047915027
2025-12-22,985347.9116660476,1159579.7883925415,1236138.0209595829,1306412.1419857095,1349867.9901002527
2025-12-23,970999.1073133774,1150449.6925049804,1228784.403178446,1297210.6701036822,1341112.9124257723
2025-12-24,986240.3900345522,1162282.8540838324,1241076.9156148736,1307664.5438675333,1351042.5767883451
2025-12-25,996971.5784198527,1173215.5270639495,1249761.5352053132,1318020.3828654292,1363510.8133255423
2025-12-26,1003223.0757379518,1177371.1861928871,1253139.1420978862,1315204.6035393323,1354880.5873288459
2025-12-29,994121.1258269453,1175208.5063951132,1246545.4393824728,1312056.7333723353,1352323.266485744
2025-12-30,986929.5623051679,1169910.9406893088,1243723.1653322459,1307189.8396377494,1348698.8441443609
2025-12-31,983458.51378976,1170504.3956844225,1244864.882772028,1307337.2702949774,1351884.3758614692
2026-01-05,992148.1224357311,1178382.9640226965,1253846.1722000015,1320747.3042326982,1365751.5038194594
2026-01-06,1011646.4475884107,1196274.6871516774,1272864.5475378013,1334532.5007885124,1378632.9305161154
2026-01-07,1015303.1846739204,1194342.8844636364,1271520.5148841497,1331159.9716923237,1374240.1715986845
2026-01-08,1030469.4578318836,1203966.6151219308,1282099.7246982602,1341611.7490325058,1385825.0783941534
2026-01-09,1046615.0434110705,1218476.1016587147,1292658.3751446125,1354604.9812422534,1395917.1779478565
2026-01-12,1076120.3249684612,1241407.4172094637,1311373.7240063697,1369891.7751473703,1414187.3493913517
2026-01-13,1047837.502807305,1223965.7581457426,1299827.5532382366,1360842.044432617,1409273.2950446976
2026-01-14,1053172.677546668,1229603.2724072272,1302148.2850682163,1363768.9409957726,1410923.501982558
2026-01-15,1035927.1616073129,1223474.5646152524,1296820.328013601,1364852.7789712779,1411717.0497608464
2026-01-16,1023031.1995683393,1214913.4225434433,1293051.091145686,1360764.067222584,1410292.5594392607
2026-01-19,1038458.23321242,1233296.912530341,1313591.5885507634,1381579.6069297276,1428943.1338634738
2026-01-20,1030321.895426502,1232166.448883657,1317425.282031794,1387697.1004615738,1438542.1371788068
2026-01-21,1027353.5324035608,1236733.3490792436,1320387.3181048087,1389419.7294124914,1440569.7434096271
2026-01-22,1043511.8635081607,1251753.2318868255,1333683.2535596665,1404152.6794769843,1451893.7952204696
2026-01-23,1067809.031973677,1269828.641099139,1348756.4405808474,1414537.117892875,1458738.1763590737
2026-01-26,1050235.4651760256,1256144.2565296385,1337977.469952878,1412150.6883900054,1453987.6968258594
2026-01-27,1044547.7805487739,1248996.2079635551,1328040.4952928654,1401159.600254495,1440801.3654140495
2026-01-28,1044062.2021810182,1248545.2663676941,1325341.4756460346,1400740.5893064043,1434843.7882056173
2026-01-29,1039324.5922520476,1246040.8465889378,1321919.555971922,1399765.7998579557,1436579.7088680062
2026-01-30,1023948.5161159419,1239794.5538796445,1321060.9081509856,1402529.4528865675,1443303.2524493788
2026-02-02,1002180.2598312036,1205999.1043023875,1291944.196287435,1371179.9700231228,1415823.9807739449
2026-02-03,1028713.537792768,1230061.2128132875,1310466.7245516945,1390857.6557969856,1430222.2126014705
2026-02-04,1037249.6541301053,1241102.445214766,1325658.4313424318,1409939.6928402542,1443142.6673445269
2026-02-05,1022232.9431277254,1230416.7955319437,1313685.1076957146,1403413.374947278,1445430.94141673
2026-02-06,1022318.3099972217,1232163.8143718736,1313912.484056688,1404695.2257881372,1445290.1367630935
2026-02-09,1043210.4633888205,1254443.3435682508,1331378.382210088,1417796.9763353758,1457843.2320597693
2026-02-10,1042155.5378275263,1253513.4736137302,1332378.6083494748,1416280.3521798966,1458439.7054907007
2026-02-11,1038224.6076396736,1252604.5973812628,1332243.8809886023,1413068.348654609,1457872.44183361
2026-02-12,1033572.7545701837,1245017.4901376157,1327036.5137556181,1400226.2574893045,1444531.2780652305
2026-02-13,1019257.7605210205,1232013.67550557,1314321.0035754286,1389442.8890852695,1438499.3611480813
2026-02-24,1041957.3799469643,1255882.9490227117,1336425.1518093226,1412058.8961120597,1455935.3532224721
2026-02-25,1059758.0668829482,1271316.2628533565,1349418.067758778,1421017.7782467997,1462300.1305161833
2026-02-26,1057622.2000327155,1268645.046928358,1350517.647464524,1421492.1340184028,1461788.940858107
2026-02-27,1070781.7689783957,1280368.8839735773,1360194.9557039894,1432272.811000656,1466349.4652661604
2026-03-02,1053132.8083699828,1264619.3876985295,1338243.0954295439,1407198.7460590594,1435552.33744494
2026-03-03,1016296.95619374,1229038.6474207572,1308071.6476314461,1377884.169051445,1406856.6549290053
2026-03-04,1015192.5559117785,1222855.754613756,1297731.3759563153,1364855.132382867,1389379.8027414118
2026-03-05,1028632.3572963561,1236556.9157003998,1310464.3345782266,1380513.425025209,1404671.1277354623
2026-03-06,1045134.1529461999,1258867.0429590642,1331502.5291168205,1407077.8430790314,1431527.5007124173
2026-03-09,1042313.1301786789,1250891.311075851,1323377.6687116413,1399437.64847584,1423175.3583486804
2026-03-10,1045865.6133634584,1263275.6717423324,1336184.9248175207,1415645.5005632143,1444723.7075236845
2026-03-11,1051708.4520424728,1270506.378954317,1339689.7892825364,1414637.3136619243,1442796.154429255
2026-03-12,1050778.1045549721,1267841.3808028589,1336865.9425477558,1413025.263495358,1435642.7681413665
2026-03-13,1035193.9837757685,1257587.6078496058,1328137.348493399,1407636.553389731,1430339.296991234
2026-03-16,1034491.888877146,1253859.1251918797,1325703.4868949575,1408608.6083101775,1432005.6135047474
2026-03-17,1017691.1356396602,1232283.4879621046,1307756.31066161,1390760.5085371009,1418131.9971326508
2026-03-18,1019799.8630322203,1237115.5132960794,1311487.836780381,1397888.637354684,1427111.8540842854
2026-03-19,998245.465718324,1208185.7472172475,1283455.9611199982,1369367.517374727,1399039.9174395918
2026-03-20,971327.6653364762,1181224.8664268546,1258880.7245517804,1338990.0606144508,1369563.2725042924
2026-03-23,933928.7299712796,1122347.6883957693,1193540.3884807627,1263501.6519899408,1290578.7625346694
2026-03-24,969595.9070505302,1161525.7898169612,1234941.9516375838,1310210.176238713,1337135.4015930241
2026-03-25,994116.8613265083,1187085.6758281128,1262823.7926914336,1335672.406093865,1360287.2971968793
2026-03-26,980466.1017666649,1173843.695181573,1251259.188327002,1321749.1728109394,1348975.1184576855
2026-03-27,994870.7521623445,1187952.7758568297,1266288.7181667439,1340731.7325537517,1365718.9861481157
2026-03-30,989569.3814722874,1191974.6559318982,1268769.8182741033,1347603.567808509,1372807.7229686622
2026-03-31,966287.2642141933,1176951.8927137381,1256874.173030643,1336276.7089298575,1362038.7477919795
2026-04-01,968888.9842890595,1190204.0658067716,1269740.1145177758,1354903.2439905752,1379218.7450768524
2026-04-02,952128.132999556,1174903.2567391514,1253962.8426063454,1340425.1152851374,1364839.638730074
2026-04-03,918391.6347950791,1139875.585496243,1220647.4995319014,1308812.96237603,1333844.2470837939
2026-04-07,941585.7346927368,1162120.6075660381,1240639.9081342088,1327970.9863120085,1352383.538721054
2026-04-08,966921.4471783522,1198923.7328392884,1276561.8387283501,1367795.2449440719,1387812.5034004902
2026-04-09,954942.8632289117,1182577.5505665098,1260890.6695167678,1353310.4094778069,1368383.9279752413
2026-04-10,954260.8370968291,1188599.5153281798,1269942.8395252859,1367659.2337297925,1383502.516594391
2026-04-13,964980.8461054831,1186887.0012901402,1267189.0117684342,1363185.0816677497,1378155.7964192806
2026-04-14,971234.1972301513,1196143.902688032,1274720.2829701204,1369432.6560609192,1386213.3965533513
2026-04-15,967420.9824430465,1188754.8724828,1270553.907206218,1365125.3262813482,1384142.1231597161
2026-04-16,977735.7911316963,1202911.4583878394,1286551.186790026,1381236.7449749238,1399406.9010492077
2026-04-17,976494.665477579,1198905.3622925996,1281553.703473378,1377477.7105921637,1395091.0414469829
2026-04-20,990270.6306445703,1204822.1656964093,1287909.2241444276,1387793.539232893,1400842.3115408127
2026-04-21,986006.3665484963,1201488.8702014177,1286511.735384336,1384122.3017913927,1400698.8166839273
2026-04-22,987732.6126493395,1206848.8839660415,1289982.2561517314,1381847.2227110767,1397871.1719495167
2026-04-23,981487.140067637,1198150.500261544,1281487.3146878185,1376435.536403811,1391422.824915245
2026-04-24,967818.6259478737,1188678.6083567084,1274422.5021241442,1368820.669645326,1390482.85400955
