date,equity
2024-11-01,1000000.0
2024-11-04,1000000.0
2024-11-05,1000000.0
2024-11-06,1000000.0
2024-11-07,1000000.0
2024-11-08,1000000.0
2024-11-11,1000000.0
2024-11-12,1000000.0
2024-11-13,1000000.0
2024-11-14,1000000.0
2024-11-15,1000000.0
2024-11-18,1000000.000000005
2024-11-19,1030200.521253702
2024-11-20,1060698.670242991
2024-11-21,1073988.0451172013
2024-11-22,1044337.2240568552
2024-11-25,1061341.2216377768
2024-11-26,1056569.2616902376
2024-11-27,1073241.640996682
2024-11-28,1081365.2487214548
2024-11-29,1096328.7177049
2024-12-02,1124601.0758721589
2024-12-03,1129357.4604287404
2024-12-04,1113424.1981503502
2024-12-05,1122303.7356925851
2024-12-06,1140722.3607960236
2024-12-09,1140858.0193386148
2024-12-10,1146603.5452622338
2024-12-11,1172479.8879654831
2024-12-12,1194513.0272197227
2024-12-13,1177910.8747204354
2024-12-16,1179938.0172906318
2024-12-17,1143661.325646253
2024-12-18,1149761.6782892602
2024-12-19,1153111.097787571
2024-12-20,1157291.8001938802
2024-12-23,1118765.4109012135
2024-12-24,1126500.5555752967
2024-12-25,1097759.917926614
2024-12-26,1109956.6236942157
2024-12-27,1129368.0431508112
2024-12-30,1112957.9153429496
2024-12-31,1084482.6383595585
2025-01-02,1072230.962285651
2025-01-03,1025424.5004596339
2025-01-06,1020062.8068247422
2025-01-07,1053012.7468082055
2025-01-08,1056813.8989431062
2025-01-09,1066390.0566875662
2025-01-10,1033632.5427919842
2025-01-13,1036627.4881708758
2025-01-14,1085547.5686583181
2025-01-15,1088340.6984167427
2025-01-16,1101994.4779300515
2025-01-17,1096676.9793924263
2025-01-20,1112356.8359522168
2025-01-21,1104650.218073926
2025-01-22,1093390.5018657239
2025-01-23,1092248.751567294
2025-01-24,1097051.7113278175
2025-01-27,1093992.2521816671
2025-02-05,1110989.9200969122
2025-02-06,1130514.2720076675
2025-02-07,1147928.778611271
2025-02-10,1170751.002092932
2025-02-11,1170494.1857211634
2025-02-12,1173161.147027905
2025-02-13,1166507.0636389502
2025-02-14,1164130.6577836294
2025-02-17,1171411.6168276772
2025-02-18,1151532.9228711105
2025-02-19,1164782.2489653954
2025-02-20,1171511.7732719423
2025-02-21,1167116.5166708725
2025-02-24,1175494.6118641607
2025-02-25,1165067.2654582283
2025-02-26,1181501.6845427002
2025-02-27,1188201.7660449184
2025-02-28,1166860.1838159747
2025-03-03,1170470.5279336616
2025-03-04,1189370.0047319604
2025-03-05,1199291.5886130482
2025-03-06,1223437.9458269626
2025-03-07,1212658.8797710687
2025-03-10,1215871.329982515
2025-03-11,1219861.7202847425
2025-03-12,1227567.9823955065
2025-03-13,1220056.9953153606
2025-03-14,1245677.08523299
2025-03-17,1253271.7452981384
2025-03-18,1259805.2824548907
2025-03-19,1256420.0593699839
2025-03-20,1261375.0635975471
2025-03-21,1247216.1525745937
2025-03-24,1226938.6866727828
2025-03-25,1220319.6962801109
2025-03-26,1238364.9271656924
2025-03-27,1230990.3000406493
2025-03-28,1211408.459314528
2025-03-31,1196557.5075148242
2025-04-01,1201093.710227354
2025-04-02,1207505.906782593
2025-04-03,1203094.301312809
2025-04-07,1085670.2144424808
2025-04-08,1055762.1656699153
2025-04-09,1079797.311186411
2025-04-10,1107410.0604356502
2025-04-11,1115059.7065155546
2025-04-14,1136549.2748960222
2025-04-15,1139055.8916329509
2025-04-16,1125221.889024557
2025-04-17,1132881.6360290556
2025-04-18,1133188.1832634094
2025-04-21,1145411.9529456003
2025-04-22,1153587.1198491338
2025-04-23,1156258.9359412892
2025-04-24,1152857.2720059098
2025-04-25,1158850.0646730068
2025-04-28,1142726.7495867505
2025-04-29,1151006.1286783987
2025-04-30,1156360.0372605524
2025-05-06,1184742.480676267
2025-05-07,1197310.1003858838
2025-05-08,1203200.411481893
2025-05-09,1194562.9191346448
2025-05-12,1200042.7406443043
2025-05-13,1203787.451649683
2025-05-14,1209543.7009316697
2025-05-15,1205872.4924753068
2025-05-16,1208831.5990349906
2025-05-19,1222280.2383117445
2025-05-20,1232669.8594970866
2025-05-21,1227426.6815202273
2025-05-22,1214123.77103563
2025-05-23,1197843.0029612107
2025-05-26,1209097.1571700266
2025-05-27,1214040.3335786306
2025-05-28,1210590.0187871747
2025-05-29,1228903.9106581467
2025-05-30,1213887.6898246512
2025-06-03,1220935.0953026414
2025-06-04,1235104.2282377423
2025-06-05,1235846.5816009254
2025-06-06,1237991.7228982665
2025-06-09,1246851.1495629507
2025-06-10,1241941.5841290199
2025-06-11,1249517.6938749994
2025-06-12,1244400.9937379737
2025-06-13,1227503.2689626527
2025-06-16,1231301.8746971346
2025-06-17,1230658.7361284173
2025-06-18,1221999.534399516
2025-06-19,1196280.8847645854
2025-06-20,1190186.0329983216
2025-06-23,1207742.3085677496
2025-06-24,1237845.9272161305
2025-06-25,1247448.2902548702
2025-06-26,1245597.1380256044
2025-06-27,1251879.6634251701
2025-06-30,1265108.5509105544
2025-07-01,1274466.6704606765
2025-07-02,1278637.4938946224
2025-07-03,1282878.5727826068
2025-07-04,1281114.9383950413
2025-07-07,1291768.7131539644
2025-07-08,1303640.984340643
2025-07-09,1304244.5850151523
2025-07-10,1310511.8195615176
2025-07-11,1316860.886060868
2025-07-14,1323755.4177761318
2025-07-15,1305034.0993240403
2025-07-16,1313422.3092764774
2025-07-17,1322335.2887997397
2025-07-18,1323341.4759412643
2025-07-21,1342527.8884835404
2025-07-22,1343069.754071562
2025-07-23,1334745.3428136213
2025-07-24,1349263.5029943609
2025-07-25,1347979.5858437102
2025-07-28,1349056.0490130535
2025-07-29,1343730.4896045616
2025-07-30,1338672.0050387727
2025-07-31,1318229.6915823328
2025-08-01,1324974.8892331407
2025-08-04,1334403.1431127812
2025-08-05,1346813.3808771274
2025-08-06,1352232.9979433683
2025-08-07,1350710.5952541153
2025-08-08,1357220.6541977376
2025-08-11,1374033.4188117322
2025-08-12,1374909.8327241135
2025-08-13,1375854.5267050113
2025-08-14,1358434.3946858915
2025-08-15,1372746.8663490869
2025-08-18,1385113.7364623842
2025-08-19,1397192.760410282
2025-08-20,1411758.291579171
2025-08-21,1415473.900812191
2025-08-22,1411484.624739305
2025-08-25,1420785.2639567873
2025-08-26,1430550.9873987795
2025-08-27,1392492.1598028284
2025-08-28,1387569.837320242
2025-08-29,1381894.954552897
2025-09-01,1390059.8539567937
2025-09-02,1379167.714314004
2025-09-03,1352143.128029004
2025-09-04,1358560.9782256137
2025-09-05,1373357.1333905524
2025-09-08,1390708.3703438588
2025-09-09,1379804.26504328
2025-09-10,1380829.6191675533
2025-09-11,1394343.020734037
2025-09-12,1391165.492768179
2025-09-15,1388832.972252082
2025-09-16,1398270.7494833502
2025-09-17,1399326.9503089804
2025-09-18,1380053.1526717818
2025-09-19,1378305.4597869976
2025-09-22,1370073.2915791345
2025-09-23,1348436.0851353896
2025-09-24,1364799.8560502667
2025-09-25,1354118.6148962025
2025-09-26,1353399.2810133381
2025-09-29,1360003.718540125
2025-09-30,1360407.7583557516
2025-10-09,1366644.8284684885
2025-10-10,1380503.3679160634
2025-10-13,1370235.7088779483
2025-10-14,1356100.0522672639
2025-10-15,1378538.5152658643
2025-10-16,1360618.8263581437
2025-10-17,1330583.530551327
2025-10-20,1354259.8035164345
2025-10-21,1378305.6875354336
2025-10-22,1379374.75320163
2025-10-23,1383674.2097763934
2025-10-24,1381869.4854807747
2025-10-27,1387921.731168547
2025-10-28,1387524.7817484338
2025-10-29,1387390.2926385403
2025-10-30,1372295.7497463631
2025-10-31,1388900.08451352
2025-11-03,1403138.859292901
2025-11-04,1396184.2947870623
2025-11-05,1408265.328699534
2025-11-06,1413701.7065831865
2025-11-07,1416120.6395999477
2025-11-10,1428044.465690518
2025-11-11,1432658.0428581776
2025-11-12,1427925.5616003023
2025-11-13,1439265.0686286844
2025-11-14,1437592.259196853
2025-11-17,1445792.5373725297
2025-11-18,1428727.2738096875
2025-11-19,1409672.8643790004
2025-11-20,1403041.3258872773
2025-11-21,1357381.6724034
2025-11-24,1374415.9175460204
2025-11-25,1395916.061169146
2025-11-26,1391083.9882175513
2025-11-27,1397440.1964856007
2025-11-28,1419384.2828284681
2025-12-01,1425452.3941631585
2025-12-02,1421941.4488043955
2025-12-03,1416675.6361849296
2025-12-04,1405425.6511767788
2025-12-05,1420232.195385802
2025-12-08,1419191.9649379489
2025-12-09,1408727.2607624514
2025-12-10,1410296.7207372605
2025-12-11,1385875.166210277
2025-12-12,1383005.387798307
2025-12-15,1389389.198101016
2025-12-16,1367787.325148822
2025-12-17,1374682.4836277417
2025-12-18,1382934.5695260216
2025-12-19,1410275.22125142
2025-12-22,1415344.5698651406
2025-12-23,1405165.6312564672
2025-12-24,1419378.696724357
2025-12-25,1431402.8884617605
2025-12-26,1430852.0032450107
2025-12-29,1423924.1043738998
2025-12-30,1418232.883363566
2025-12-31,1418433.9526507396
2026-01-05,1436449.9800510267
2026-01-06,1455180.365531739
2026-01-07,1456777.580753955
2026-01-08,1463006.2849558312
2026-01-09,1475048.1797267755
2026-01-12,1491467.1881876877
2026-01-13,1483160.700155087
2026-01-14,1480502.6035486078
2026-01-15,1483548.969683831
2026-01-16,1482051.8212782715
2026-01-19,1506684.293007275
2026-01-20,1504079.0836950378
2026-01-21,1501166.4441515089
2026-01-22,1521063.151831214
2026-01-23,1543837.274874745
2026-01-26,1527535.9835338655
2026-01-27,1515732.059218631
2026-01-28,1507531.1784252885
2026-01-29,1509517.5528255044
2026-01-30,1504708.743169014
2026-02-02,1482848.4920373457
2026-02-03,1513245.9808797294
2026-02-04,1529631.4443574517
2026-02-05,1516262.3441479374
2026-02-06,1520067.062242201
2026-02-09,1542702.3658356448
2026-02-10,1540079.9370196403
2026-02-11,1539507.4284359983
2026-02-12,1528339.3072058398
2026-02-13,1513777.229764879
2026-02-24,1539521.1694509566
2026-02-25,1551217.342486496
2026-02-26,1541065.4990481148
2026-02-27,1553977.4233392712
2026-03-02,1516747.372063183
2026-03-03,1473386.9721154005
2026-03-04,1459121.4283822614
2026-03-05,1480318.025604999
2026-03-06,1506338.53482189
2026-03-09,1494102.5330630818
2026-03-10,1518720.9372572408
2026-03-11,1515304.2389941164
2026-03-12,1504970.3184619811
2026-03-13,1492556.340194395
2026-03-16,1495636.3415865023
2026-03-17,1473616.5184088515
2026-03-18,1483937.8626514594
2026-03-19,1444893.5348028196
2026-03-20,1413082.449938982
2026-03-23,1336398.191315094
2026-03-24,1390693.350096854
2026-03-25,1421477.410479724
2026-03-26,1403810.4924936593
2026-03-27,1426027.696252637
2026-03-30,1436706.2771559793
2026-03-31,1419678.6046920842
2026-04-01,1440464.5530971638
2026-04-02,1412864.9820269842
2026-04-03,1378717.3891144723
2026-04-07,1393933.6060993774
2026-04-08,1435640.1364195112
2026-04-09,1412050.8125235809
2026-04-10,1420757.4398444274
2026-04-13,1430547.136267864
2026-04-14,1434768.0713810301
2026-04-15,1436591.443508583
2026-04-16,1449931.0506793407
2026-04-17,1440671.430204765
2026-04-20,1449325.1298155703
2026-04-21,1445326.7012918165
2026-04-22,1443434.5109311158
2026-04-23,1439181.1368154252
2026-04-24,1435744.9436859859
